year,month,day,weight,flag,station,co2
1958,3,29,4,0,MLO,316.1
1958,4,5,6,0,MLO,317.3
1958,4,12,4,0,MLO,317.6
1958,4,19,6,0,MLO,317.5
1958,4,26,2,0,MLO,316.4
1958,5,3,6,0,MLO,316.9
1958,5,17,1,0,MLO,317.5
1958,5,24,5,0,MLO,317.9
1958,7,5,2,0,MLO,315.8
1958,7,12,4,0,MLO,315.8
1958,7,19,4,0,MLO,315.4
1958,7,26,7,0,MLO,315.5
1958,8,2,3,0,MLO,315.6
1958,8,9,4,0,MLO,315.1
1958,8,16,3,0,MLO,315.0
1958,8,30,5,0,MLO,314.1
1958,9,6,1,0,MLO,313.5
1958,11,8,4,0,MLO,313.0
1958,11,15,7,0,MLO,313.2
1958,11,22,5,0,MLO,313.5
1958,11,29,7,0,MLO,314.0
1958,12,6,6,0,MLO,314.5
1958,12,13,7,0,MLO,314.4
1958,12,20,4,0,MLO,314.7
1958,12,27,2,0,MLO,315.2
1959,1,3,3,0,MLO,315.2
1959,1,10,7,0,MLO,315.5
1959,1,17,7,0,MLO,315.6
1959,1,24,5,0,MLO,315.8
1959,1,31,2,0,MLO,315.4
1959,2,14,1,0,MLO,316.9
1959,2,21,7,0,MLO,316.6
1959,2,28,3,0,MLO,316.6
1959,3,7,7,0,MLO,316.8
1959,3,21,4,0,MLO,316.7
1959,3,28,6,0,MLO,316.7
1959,4,4,7,0,MLO,317.7
1959,4,11,7,0,MLO,317.1
1959,4,18,6,0,MLO,317.6
1959,4,25,5,0,MLO,318.3
1959,5,2,3,0,MLO,318.2
1959,5,9,1,0,MLO,318.7
1959,5,16,7,0,MLO,318.0
1959,5,23,5,0,MLO,318.4
1959,6,6,7,0,MLO,318.5
1959,6,13,5,0,MLO,318.1
1959,6,20,5,0,MLO,317.8
1959,6,27,2,0,MLO,317.7
1959,7,4,7,0,MLO,316.8
1959,7,11,7,0,MLO,316.8
1959,7,18,5,0,MLO,316.4
1959,7,25,4,0,MLO,316.1
1959,8,1,7,0,MLO,315.6
1959,8,8,3,0,MLO,314.9
1959,8,22,1,0,MLO,315.0
1959,8,29,4,0,MLO,314.1
1959,9,5,5,0,MLO,314.4
1959,9,12,3,0,MLO,313.9
1959,9,19,5,0,MLO,313.5
1959,9,26,4,0,MLO,313.5
1959,10,3,6,0,MLO,313.0
1959,10,10,3,0,MLO,313.1
1959,10,17,7,0,MLO,313.4
1959,10,24,7,0,MLO,313.4
1959,10,31,7,0,MLO,314.1
1959,11,7,2,0,MLO,314.4
1959,11,14,5,0,MLO,314.8
1959,11,21,6,0,MLO,315.2
1959,11,28,5,0,MLO,315.1
1959,12,5,4,0,MLO,315.0
1959,12,12,5,0,MLO,315.6
1959,12,19,6,0,MLO,315.8
1959,12,26,6,0,MLO,315.7
1960,1,2,4,0,MLO,315.7
1960,1,9,5,0,MLO,316.4
1960,1,16,6,0,MLO,316.7
1960,1,23,5,0,MLO,316.5
1960,1,30,6,0,MLO,316.6
1960,2,6,2,0,MLO,316.6
1960,2,13,6,0,MLO,316.9
1960,2,20,4,0,MLO,317.4
1960,2,27,5,0,MLO,317.0
1960,3,5,7,0,MLO,316.9
1960,3,12,7,0,MLO,317.7
1960,3,19,4,0,MLO,318.0
1960,3,26,6,0,MLO,317.7
1960,4,2,5,0,MLO,318.6
1960,4,9,3,0,MLO,319.3
1960,4,16,7,0,MLO,319.0
1960,4,23,7,0,MLO,319.0
1960,4,30,1,0,MLO,319.7
1960,5,7,6,0,MLO,319.9
1960,5,14,5,0,MLO,319.8
1960,5,21,6,0,MLO,320.0
1960,5,28,7,0,MLO,320.0
1960,6,4,3,0,MLO,319.4
1960,6,11,5,0,MLO,320.0
1960,6,18,3,0,MLO,319.4
1960,6,25,2,0,MLO,319.0
1960,7,2,5,0,MLO,318.1
1960,7,9,4,0,MLO,318.6
1960,7,16,5,0,MLO,318.4
1960,7,23,6,0,MLO,317.9
1960,7,30,5,0,MLO,317.3
1960,8,6,3,0,MLO,316.6
1960,8,13,6,0,MLO,316.7
1960,8,20,5,0,MLO,315.1
1960,8,27,5,0,MLO,314.7
1960,9,3,7,0,MLO,314.7
1960,9,10,7,0,MLO,314.5
1960,9,17,6,0,MLO,314.2
1960,9,24,5,0,MLO,313.3
1960,10,1,2,0,MLO,313.6
1960,10,8,4,0,MLO,313.3
1960,10,15,5,0,MLO,313.9
1960,10,22,6,0,MLO,314.2
1960,10,29,3,0,MLO,314.2
1960,11,5,7,0,MLO,314.5
1960,11,12,6,0,MLO,315.1
1960,11,19,7,0,MLO,315.1
1960,11,26,7,0,MLO,315.4
1960,12,3,5,0,MLO,315.8
1960,12,10,7,0,MLO,316.0
1960,12,17,7,0,MLO,316.2
1960,12,24,5,0,MLO,316.4
1960,12,31,7,0,MLO,316.6
1961,1,7,6,0,MLO,316.7
1961,1,14,7,0,MLO,317.0
1961,1,21,7,0,MLO,317.0
1961,1,28,7,0,MLO,317.0
1961,2,4,6,0,MLO,317.0
1961,2,11,6,0,MLO,317.7
1961,2,18,7,0,MLO,317.9
1961,2,25,7,0,MLO,318.0
1961,3,4,5,0,MLO,318.0
1961,3,11,4,0,MLO,318.5
1961,3,18,6,0,MLO,318.9
1961,3,25,7,0,MLO,318.7
1961,4,1,7,0,MLO,319.4
1961,4,8,6,0,MLO,319.5
1961,4,15,7,0,MLO,318.9
1961,4,22,6,0,MLO,319.7
1961,4,29,6,0,MLO,319.6
1961,5,6,7,0,MLO,320.6
1961,5,13,3,0,MLO,320.4
1961,5,20,6,0,MLO,320.6
1961,5,27,7,0,MLO,320.3
1961,6,3,6,0,MLO,320.0
1961,6,10,5,0,MLO,320.0
1961,6,17,7,0,MLO,319.6
1961,6,24,6,0,MLO,319.4
1961,7,1,5,0,MLO,319.2
1961,7,8,6,0,MLO,319.0
1961,7,15,5,0,MLO,318.4
1961,7,22,1,0,MLO,317.1
1961,7,29,3,0,MLO,317.9
1961,8,5,7,0,MLO,317.9
1961,8,12,2,0,MLO,317.3
1961,8,19,5,0,MLO,316.7
1961,8,26,6,0,MLO,315.2
1961,9,2,5,0,MLO,315.2
1961,9,9,5,0,MLO,314.9
1961,9,16,5,0,MLO,314.5
1961,9,23,4,0,MLO,315.0
1961,9,30,4,0,MLO,315.6
1961,10,7,5,0,MLO,314.9
1961,10,14,7,0,MLO,315.4
1961,10,21,7,0,MLO,315.4
1961,10,28,6,0,MLO,315.7
1961,11,4,6,0,MLO,315.8
1961,11,11,5,0,MLO,315.7
1961,11,18,7,0,MLO,316.2
1961,11,25,6,0,MLO,316.5
1961,12,2,5,0,MLO,316.5
1961,12,9,5,0,MLO,317.0
1961,12,16,6,0,MLO,316.9
1961,12,23,3,0,MLO,317.1
1961,12,30,7,0,MLO,317.4
1962,1,6,5,0,MLO,317.9
1962,1,13,7,0,MLO,318.1
1962,1,20,5,0,MLO,318.0
1962,1,27,7,0,MLO,317.7
1962,2,3,7,0,MLO,318.0
1962,2,10,4,0,MLO,318.3
1962,2,17,4,0,MLO,318.9
1962,2,24,1,0,MLO,319.3
1962,3,3,6,0,MLO,319.2
1962,3,10,6,0,MLO,319.4
1962,3,17,7,0,MLO,319.9
1962,3,24,4,0,MLO,319.7
1962,3,31,5,0,MLO,320.2
1962,4,7,3,0,MLO,320.2
1962,4,14,6,0,MLO,321.0
1962,4,21,2,0,MLO,320.7
1962,4,28,5,0,MLO,320.3
1962,5,5,4,0,MLO,320.8
1962,5,12,5,0,MLO,320.7
1962,5,19,5,0,MLO,321.0
1962,5,26,5,0,MLO,321.1
1962,6,2,6,0,MLO,320.9
1962,6,9,5,0,MLO,320.8
1962,6,16,6,0,MLO,320.5
1962,6,23,6,0,MLO,320.1
1962,6,30,7,0,MLO,320.2
1962,7,7,6,0,MLO,320.1
1962,7,14,3,0,MLO,319.9
1962,7,21,2,0,MLO,319.0
1962,7,28,7,0,MLO,318.7
1962,8,4,3,0,MLO,318.6
1962,8,11,6,0,MLO,317.2
1962,8,18,3,0,MLO,317.4
1962,9,15,5,0,MLO,316.6
1962,9,22,4,0,MLO,315.7
1962,9,29,7,0,MLO,315.9
1962,10,6,5,0,MLO,315.1
1962,10,13,4,0,MLO,315.4
1962,10,20,5,0,MLO,315.7
1962,10,27,5,0,MLO,315.7
1962,11,3,5,0,MLO,315.9
1962,11,10,6,0,MLO,316.4
1962,11,17,7,0,MLO,316.9
1962,11,24,7,0,MLO,317.0
1962,12,1,7,0,MLO,317.1
1962,12,8,5,0,MLO,317.3
1962,12,15,7,0,MLO,317.6
1962,12,22,4,0,MLO,318.1
1963,1,5,5,0,MLO,318.5
1963,1,12,7,0,MLO,318.7
1963,1,19,7,0,MLO,318.9
1963,1,26,7,0,MLO,318.8
1963,2,2,7,0,MLO,318.7
1963,2,9,7,0,MLO,318.9
1963,2,23,2,0,MLO,319.3
1963,3,2,5,0,MLO,319.3
1963,3,9,6,0,MLO,319.7
1963,3,16,5,0,MLO,319.8
1963,3,23,7,0,MLO,320.3
1963,3,30,5,0,MLO,320.2
1963,4,6,3,0,MLO,320.3
1963,4,13,6,0,MLO,320.9
1963,4,20,6,0,MLO,322.0
1963,4,27,6,0,MLO,321.9
1963,5,11,3,0,MLO,321.9
1963,5,18,5,0,MLO,322.2
1963,5,25,6,0,MLO,322.2
1963,6,1,3,0,MLO,322.3
1963,6,8,2,0,MLO,322.0
1963,6,15,6,0,MLO,321.8
1963,6,22,4,0,MLO,320.8
1963,6,29,7,0,MLO,320.4
1963,7,6,7,0,MLO,320.1
1963,7,13,5,0,MLO,319.8
1963,7,20,7,0,MLO,319.5
1963,7,27,6,0,MLO,319.0
1963,8,3,3,0,MLO,318.6
1963,8,10,7,0,MLO,318.2
1963,8,17,3,0,MLO,317.7
1963,8,24,7,0,MLO,317.1
1963,8,31,3,0,MLO,316.4
1963,9,7,7,0,MLO,316.8
1963,9,14,7,0,MLO,315.9
1963,9,21,5,0,MLO,316.0
1963,9,28,4,0,MLO,315.9
1963,10,5,3,0,MLO,316.2
1963,10,12,7,0,MLO,315.6
1963,10,19,6,0,MLO,316.1
1963,10,26,7,0,MLO,316.3
1963,11,2,4,0,MLO,316.6
1963,11,9,6,0,MLO,316.8
1963,11,16,1,0,MLO,317.1
1963,11,30,5,0,MLO,317.5
1963,12,7,6,0,MLO,318.0
1963,12,14,4,0,MLO,318.2
1963,12,21,7,0,MLO,318.5
1963,12,28,7,0,MLO,318.7
1964,1,4,6,0,MLO,319.0
1964,1,11,6,0,MLO,319.4
1964,1,18,6,0,MLO,319.8
1964,5,30,2,0,MLO,322.0
1964,6,6,4,0,MLO,322.0
1964,6,27,3,0,MLO,321.5
1964,7,4,4,0,MLO,321.1
1964,7,11,2,0,MLO,319.9
1964,7,18,7,0,MLO,320.2
1964,7,25,5,0,MLO,320.0
1964,8,1,2,0,MLO,319.1
1964,8,15,4,0,MLO,318.6
1964,8,22,6,0,MLO,318.2
1964,8,29,5,0,MLO,318.1
1964,9,5,5,0,MLO,317.4
1964,9,12,4,0,MLO,316.5
1964,9,19,2,0,MLO,315.5
1964,9,26,2,0,MLO,317.0
1964,10,3,4,0,MLO,316.9
1964,10,10,7,0,MLO,316.5
1964,10,17,7,0,MLO,316.8
1964,10,24,2,0,MLO,317.0
1964,10,31,6,0,MLO,317.6
1964,11,7,7,0,MLO,317.7
1964,11,14,7,0,MLO,317.6
1964,11,21,6,0,MLO,317.5
1964,11,28,6,0,MLO,318.1
1964,12,5,6,0,MLO,318.4
1964,12,12,7,0,MLO,318.5
1964,12,19,7,0,MLO,318.9
1964,12,26,6,0,MLO,318.9
1965,1,2,5,0,MLO,319.0
1965,1,9,7,0,MLO,319.1
1965,1,16,7,0,MLO,319.1
1965,1,23,4,0,MLO,319.7
1965,1,30,7,0,MLO,320.1
1965,2,6,7,0,MLO,320.2
1965,2,13,7,0,MLO,320.1
1965,2,20,7,0,MLO,320.7
1965,2,27,6,0,MLO,320.8
1965,3,6,5,0,MLO,321.0
1965,3,13,7,0,MLO,320.9
1965,3,20,7,0,MLO,320.4
1965,3,27,7,0,MLO,321.4
1965,4,3,7,0,MLO,321.9
1965,4,10,4,0,MLO,322.2
1965,4,17,7,0,MLO,322.1
1965,4,24,5,0,MLO,321.8
1965,5,1,7,0,MLO,322.4
1965,5,8,6,0,MLO,322.2
1965,5,15,7,0,MLO,321.9
1965,5,22,7,0,MLO,321.6
1965,5,29,5,0,MLO,322.2
1965,6,5,7,0,MLO,321.8
1965,6,12,7,0,MLO,321.7
1965,6,19,7,0,MLO,321.7
1965,6,26,6,0,MLO,321.9
1965,7,3,7,0,MLO,321.9
1965,7,10,6,0,MLO,321.8
1965,7,17,3,0,MLO,321.7
1965,7,24,6,0,MLO,320.4
1965,7,31,5,0,MLO,319.4
1965,8,7,7,0,MLO,319.4
1965,8,14,5,0,MLO,318.0
1965,8,21,6,0,MLO,318.8
1965,8,28,3,0,MLO,318.7
1965,9,4,7,0,MLO,318.3
1965,9,11,4,0,MLO,318.0
1965,9,18,6,0,MLO,318.2
1965,9,25,6,0,MLO,316.8
1965,10,2,6,0,MLO,316.6
1965,10,9,7,0,MLO,317.2
1965,10,16,7,0,MLO,317.8
1965,10,23,7,0,MLO,317.5
1965,10,30,7,0,MLO,317.6
1965,11,6,7,0,MLO,318.3
1965,11,13,7,0,MLO,319.2
1965,11,20,7,0,MLO,318.9
1965,11,27,7,0,MLO,319.1
1965,12,4,7,0,MLO,319.0
1965,12,11,5,0,MLO,319.3
1965,12,18,6,0,MLO,319.3
1965,12,25,6,0,MLO,319.7
1966,1,1,7,0,MLO,319.6
1966,1,8,7,0,MLO,320.4
1966,1,15,7,0,MLO,320.6
1966,1,22,7,0,MLO,321.0
1966,1,29,7,0,MLO,321.1
1966,2,5,7,0,MLO,321.2
1966,2,12,6,0,MLO,321.7
1966,2,19,7,0,MLO,321.6
1966,2,26,7,0,MLO,321.8
1966,3,5,4,0,MLO,322.1
1966,3,12,5,0,MLO,322.1
1966,3,19,6,0,MLO,322.5
1966,3,26,5,0,MLO,322.8
1966,4,2,7,0,MLO,323.5
1966,4,9,3,0,MLO,323.6
1966,4,16,7,0,MLO,323.8
1966,4,23,4,0,MLO,323.9
1966,4,30,6,0,MLO,323.5
1966,5,7,6,0,MLO,324.0
1966,5,14,7,0,MLO,324.1
1966,5,21,7,0,MLO,323.7
1966,5,28,7,0,MLO,324.3
1966,6,4,7,0,MLO,324.0
1966,6,11,7,0,MLO,323.8
1966,6,18,7,0,MLO,323.7
1966,6,25,6,0,MLO,323.3
1966,7,2,5,0,MLO,322.8
1966,7,9,6,0,MLO,322.9
1966,8,6,4,0,MLO,321.3
1966,8,13,3,0,MLO,320.8
1966,8,20,3,0,MLO,319.1
1966,8,27,7,0,MLO,319.6
1966,9,3,4,0,MLO,319.9
1966,9,10,3,0,MLO,318.2
1966,9,17,7,0,MLO,318.4
1966,9,24,5,0,MLO,318.3
1966,10,1,6,0,MLO,317.9
1966,10,8,7,0,MLO,317.9
1966,10,15,4,0,MLO,318.2
1966,10,22,4,0,MLO,318.6
1966,10,29,6,0,MLO,318.3
1966,11,12,4,0,MLO,319.5
1966,11,19,5,0,MLO,320.0
1966,11,26,6,0,MLO,320.2
1966,12,3,3,0,MLO,320.8
1966,12,10,7,0,MLO,320.8
1966,12,17,5,0,MLO,321.1
1966,12,24,4,0,MLO,321.3
1966,12,31,7,0,MLO,321.3
1967,1,7,6,0,MLO,321.9
1967,1,14,2,0,MLO,322.9
1967,2,4,5,0,MLO,322.1
1967,2,11,5,0,MLO,322.2
1967,2,18,6,0,MLO,322.8
1967,2,25,4,0,MLO,322.6
1967,3,4,6,0,MLO,322.9
1967,3,11,6,0,MLO,322.6
1967,3,18,4,0,MLO,323.3
1967,3,25,2,0,MLO,323.2
1967,4,1,3,0,MLO,323.1
1967,4,8,7,0,MLO,324.2
1967,4,15,5,0,MLO,324.4
1967,4,22,3,0,MLO,324.6
1967,4,29,6,0,MLO,325.1
1967,5,6,1,0,MLO,325.2
1967,5,13,5,0,MLO,324.7
1967,5,20,5,0,MLO,325.0
1967,5,27,5,0,MLO,324.9
1967,6,3,4,0,MLO,324.9
1967,6,10,6,0,MLO,324.6
1967,6,17,4,0,MLO,323.3
1967,6,24,6,0,MLO,323.5
1967,7,1,6,0,MLO,322.8
1967,7,8,7,0,MLO,322.8
1967,7,15,5,0,MLO,322.4
1967,7,22,5,0,MLO,322.4
1967,7,29,6,0,MLO,322.0
1967,8,5,7,0,MLO,321.6
1967,8,12,5,0,MLO,321.4
1967,8,19,5,0,MLO,320.4
1967,8,26,5,0,MLO,320.0
1967,9,2,4,0,MLO,320.0
1967,9,9,6,0,MLO,319.4
1967,9,16,7,0,MLO,319.3
1967,9,23,7,0,MLO,319.0
1967,9,30,7,0,MLO,318.8
1967,10,7,7,0,MLO,318.8
1967,10,14,6,0,MLO,319.8
1967,10,21,7,0,MLO,319.4
1967,10,28,7,0,MLO,319.8
1967,11,4,7,0,MLO,320.0
1967,11,11,7,0,MLO,320.3
1967,11,18,7,0,MLO,320.9
1967,11,25,7,0,MLO,321.5
1967,12,2,7,0,MLO,321.4
1967,12,9,7,0,MLO,321.8
1967,12,16,7,0,MLO,322.2
1967,12,23,7,0,MLO,321.9
1967,12,30,7,0,MLO,322.3
1968,1,6,7,0,MLO,322.4
1968,1,13,7,0,MLO,322.5
1968,1,20,6,0,MLO,322.5
1968,1,27,7,0,MLO,322.8
1968,2,3,7,0,MLO,322.6
1968,2,10,7,0,MLO,323.1
1968,2,17,7,0,MLO,323.4
1968,2,24,7,0,MLO,323.1
1968,3,2,6,0,MLO,323.1
1968,3,9,4,0,MLO,323.8
1968,3,16,6,0,MLO,323.8
1968,3,23,6,0,MLO,324.2
1968,3,30,5,0,MLO,324.7
1968,4,6,7,0,MLO,324.7
1968,4,13,6,0,MLO,325.0
1968,4,20,5,0,MLO,324.8
1968,4,27,7,0,MLO,325.4
1968,5,4,7,0,MLO,325.6
1968,5,11,7,0,MLO,325.0
1968,5,18,6,0,MLO,325.5
1968,5,25,7,0,MLO,325.8
1968,6,1,5,0,MLO,325.6
1968,6,8,7,0,MLO,325.7
1968,6,15,4,0,MLO,325.5
1968,6,22,4,0,MLO,324.9
1968,6,29,5,0,MLO,324.6
1968,7,6,6,0,MLO,324.7
1968,7,13,7,0,MLO,324.1
1968,7,20,7,0,MLO,323.9
1968,7,27,7,0,MLO,323.4
1968,8,3,5,0,MLO,322.4
1968,8,10,5,0,MLO,322.2
1968,8,17,3,0,MLO,322.0
1968,8,24,6,0,MLO,321.7
1968,8,31,6,0,MLO,321.4
1968,9,7,7,0,MLO,320.4
1968,9,14,7,0,MLO,321.1
1968,9,21,7,0,MLO,319.7
1968,9,28,7,0,MLO,319.8
1968,10,5,7,0,MLO,320.5
1968,10,12,6,0,MLO,320.5
1968,10,19,7,0,MLO,320.2
1968,10,26,7,0,MLO,319.9
1968,11,2,5,0,MLO,320.7
1968,11,9,7,0,MLO,320.8
1968,11,16,7,0,MLO,321.4
1968,11,23,7,0,MLO,321.7
1968,11,30,6,0,MLO,322.0
1968,12,7,4,0,MLO,322.4
1968,12,14,7,0,MLO,322.9
1968,12,21,5,0,MLO,323.3
1968,12,28,6,0,MLO,323.1
1969,1,4,6,0,MLO,323.3
1969,1,11,6,0,MLO,324.0
1969,1,18,6,0,MLO,324.3
1969,1,25,7,0,MLO,324.1
1969,2,1,7,0,MLO,324.1
1969,2,8,5,0,MLO,323.9
1969,2,15,5,0,MLO,324.3
1969,2,22,5,0,MLO,324.8
1969,3,1,7,0,MLO,325.1
1969,3,8,7,0,MLO,325.5
1969,3,15,7,0,MLO,325.7
1969,3,22,6,0,MLO,325.9
1969,3,29,7,0,MLO,325.8
1969,4,5,7,0,MLO,326.2
1969,4,12,7,0,MLO,327.1
1969,4,19,6,0,MLO,326.5
1969,4,26,6,0,MLO,326.5
1969,5,3,7,0,MLO,327.5
1969,5,10,7,0,MLO,327.8
1969,5,17,6,0,MLO,326.8
1969,5,24,7,0,MLO,326.9
1969,5,31,5,0,MLO,327.4
1969,6,7,6,0,MLO,326.5
1969,6,14,4,0,MLO,326.7
1969,6,21,5,0,MLO,326.7
1969,6,28,7,0,MLO,326.3
1969,7,5,6,0,MLO,326.1
1969,7,12,7,0,MLO,326.0
1969,7,19,6,0,MLO,325.7
1969,7,26,4,0,MLO,325.4
1969,8,2,5,0,MLO,324.5
1969,8,9,7,0,MLO,324.5
1969,8,16,7,0,MLO,323.1
1969,8,23,5,0,MLO,322.5
1969,8,30,7,0,MLO,323.1
1969,9,6,6,0,MLO,322.2
1969,9,13,6,0,MLO,322.7
1969,9,20,4,0,MLO,322.8
1969,9,27,7,0,MLO,321.9
1969,10,4,7,0,MLO,321.5
1969,10,11,7,0,MLO,321.8
1969,10,18,7,0,MLO,322.0
1969,10,25,7,0,MLO,321.9
1969,11,1,7,0,MLO,322.2
1969,11,8,7,0,MLO,322.6
1969,11,15,7,0,MLO,322.7
1969,11,22,7,0,MLO,323.1
1969,11,29,7,0,MLO,323.5
1969,12,6,7,0,MLO,323.9
1969,12,13,7,0,MLO,323.9
1969,12,20,7,0,MLO,324.2
1969,12,27,7,0,MLO,324.5
1970,1,3,7,0,MLO,324.7
1970,1,10,7,0,MLO,325.4
1970,1,17,7,0,MLO,325.0
1970,1,24,7,0,MLO,324.8
1970,1,31,7,0,MLO,325.5
1970,2,7,7,0,MLO,325.7
1970,2,14,7,0,MLO,326.0
1970,2,21,6,0,MLO,326.3
1970,2,28,7,0,MLO,326.1
1970,3,7,7,0,MLO,326.8
1970,3,14,7,0,MLO,326.8
1970,3,21,7,0,MLO,327.5
1970,3,28,7,0,MLO,326.9
1970,4,4,7,0,MLO,328.2
1970,4,11,7,0,MLO,327.8
1970,4,18,7,0,MLO,327.8
1970,4,25,7,0,MLO,328.5
1970,5,2,7,0,MLO,327.9
1970,5,9,5,0,MLO,327.5
1970,5,16,5,0,MLO,328.0
1970,5,23,7,0,MLO,328.3
1970,5,30,6,0,MLO,327.9
1970,6,6,7,0,MLO,327.5
1970,6,13,7,0,MLO,327.8
1970,6,20,7,0,MLO,327.7
1970,6,27,6,0,MLO,327.2
1970,7,4,6,0,MLO,327.2
1970,7,11,6,0,MLO,326.2
1970,7,18,6,0,MLO,326.2
1970,7,25,7,0,MLO,325.6
1970,8,1,5,0,MLO,325.2
1970,8,8,3,0,MLO,325.2
1970,8,15,6,0,MLO,324.8
1970,8,22,5,0,MLO,324.8
1970,8,29,5,0,MLO,323.3
1970,9,5,7,0,MLO,322.9
1970,9,12,4,0,MLO,323.5
1970,9,19,4,0,MLO,323.1
1970,9,26,5,0,MLO,323.1
1970,10,3,5,0,MLO,323.2
1970,10,10,6,0,MLO,323.5
1970,10,17,4,0,MLO,322.9
1970,10,24,7,0,MLO,323.0
1970,10,31,5,0,MLO,323.1
1970,11,7,7,0,MLO,323.6
1970,11,14,5,0,MLO,323.7
1970,11,21,7,0,MLO,324.2
1970,11,28,7,0,MLO,324.7
1970,12,5,7,0,MLO,324.7
1970,12,12,7,0,MLO,325.0
1970,12,19,7,0,MLO,325.2
1970,12,26,3,0,MLO,325.5
1971,1,2,6,0,MLO,325.7
1971,1,9,7,0,MLO,325.8
1971,1,16,7,0,MLO,325.9
1971,1,23,6,0,MLO,326.7
1971,1,30,7,0,MLO,326.6
1971,2,6,7,0,MLO,326.5
1971,2,13,7,0,MLO,326.4
1971,2,20,7,0,MLO,326.7
1971,2,27,7,0,MLO,327.0
1971,3,6,6,0,MLO,327.1
1971,3,13,6,0,MLO,327.3
1971,3,20,7,0,MLO,327.0
1971,3,27,7,0,MLO,327.4
1971,4,3,6,0,MLO,327.4
1971,4,10,6,0,MLO,327.1
1971,4,17,7,0,MLO,327.7
1971,4,24,7,0,MLO,328.5
1971,5,1,7,0,MLO,328.2
1971,5,8,7,0,MLO,329.0
1971,5,15,7,0,MLO,329.2
1971,5,22,7,0,MLO,328.9
1971,5,29,6,0,MLO,328.8
1971,6,5,6,0,MLO,328.5
1971,6,12,7,0,MLO,328.8
1971,6,19,7,0,MLO,328.1
1971,6,26,7,0,MLO,328.5
1971,7,3,7,0,MLO,327.9
1971,7,10,6,0,MLO,327.8
1971,7,17,7,0,MLO,327.5
1971,7,24,6,0,MLO,326.2
1971,7,31,2,0,MLO,326.7
1971,8,7,7,0,MLO,326.1
1971,8,14,2,0,MLO,325.6
1971,8,21,6,0,MLO,325.3
1971,8,28,6,0,MLO,324.0
1971,9,4,7,0,MLO,323.6
1971,9,11,7,0,MLO,323.5
1971,9,18,4,0,MLO,323.2
1971,9,25,7,0,MLO,323.3
1971,10,2,7,0,MLO,323.3
1971,10,9,1,0,MLO,322.9
1971,10,16,7,0,MLO,323.5
1971,10,23,7,0,MLO,323.6
1971,10,30,7,0,MLO,324.4
1971,11,6,7,0,MLO,324.3
1971,11,13,7,0,MLO,324.5
1971,11,20,7,0,MLO,325.0
1971,11,27,7,0,MLO,325.5
1971,12,4,7,0,MLO,325.3
1971,12,11,7,0,MLO,325.9
1971,12,18,7,0,MLO,326.2
1971,12,25,7,0,MLO,326.3
1972,1,1,6,0,MLO,326.6
1972,1,8,7,0,MLO,326.6
1972,1,15,7,0,MLO,326.6
1972,1,22,7,0,MLO,326.6
1972,1,29,7,0,MLO,327.2
1972,2,5,7,0,MLO,327.4
1972,2,12,7,0,MLO,327.9
1972,2,19,7,0,MLO,327.8
1972,2,26,7,0,MLO,327.4
1972,3,4,7,0,MLO,327.5
1972,3,11,6,0,MLO,327.1
1972,3,18,7,0,MLO,327.7
1972,3,25,4,0,MLO,328.6
1972,4,1,6,0,MLO,328.9
1972,4,8,7,0,MLO,329.4
1972,4,15,7,0,MLO,329.8
1972,4,22,7,0,MLO,330.1
1972,4,29,6,0,MLO,330.0
1972,5,6,7,0,MLO,330.0
1972,5,13,7,0,MLO,329.7
1972,5,20,7,0,MLO,330.1
1972,5,27,7,0,MLO,330.2
1972,6,3,7,0,MLO,329.7
1972,6,10,5,0,MLO,329.1
1972,6,17,7,0,MLO,329.0
1972,6,24,7,0,MLO,328.5
1972,7,1,7,0,MLO,328.6
1972,7,8,7,0,MLO,328.3
1972,7,15,7,0,MLO,327.7
1972,7,22,5,0,MLO,328.1
1972,7,29,5,0,MLO,327.5
1972,8,5,7,0,MLO,326.9
1972,8,12,7,0,MLO,326.6
1972,8,19,7,0,MLO,326.5
1972,8,26,7,0,MLO,325.0
1972,9,2,7,0,MLO,325.4
1972,9,9,7,0,MLO,325.7
1972,9,16,7,0,MLO,324.8
1972,9,23,7,0,MLO,324.2
1972,9,30,6,0,MLO,324.2
1972,10,7,6,0,MLO,324.8
1972,10,14,5,0,MLO,325.5
1972,10,21,7,0,MLO,325.1
1972,10,28,7,0,MLO,325.8
1972,11,4,7,0,MLO,326.3
1972,11,11,6,0,MLO,326.1
1972,11,18,7,0,MLO,326.4
1972,11,25,7,0,MLO,326.9
1972,12,2,7,0,MLO,326.9
1972,12,9,7,0,MLO,327.1
1972,12,16,7,0,MLO,327.6
1972,12,23,6,0,MLO,327.9
1972,12,30,7,0,MLO,328.2
1973,1,6,5,0,MLO,328.4
1973,1,13,7,0,MLO,328.4
1973,1,20,5,0,MLO,328.6
1973,1,27,7,0,MLO,328.8
1973,2,3,6,0,MLO,329.1
1973,2,10,7,0,MLO,329.5
1973,2,17,7,0,MLO,329.6
1973,2,24,7,0,MLO,329.7
1973,3,3,6,0,MLO,329.9
1973,3,10,7,0,MLO,330.1
1973,3,17,5,0,MLO,330.5
1973,3,24,4,0,MLO,330.8
1973,3,31,7,0,MLO,330.6
1973,4,7,7,0,MLO,331.2
1973,4,14,7,0,MLO,331.1
1973,4,21,6,0,MLO,331.9
1973,4,28,4,0,MLO,332.1
1973,5,5,7,0,MLO,332.2
1973,5,12,7,0,MLO,332.3
1973,5,19,7,0,MLO,332.6
1973,5,26,6,0,MLO,332.5
1973,6,2,6,0,MLO,332.2
1973,6,9,7,0,MLO,332.5
1973,6,16,7,0,MLO,332.0
1973,6,23,7,0,MLO,331.6
1973,6,30,4,0,MLO,331.4
1973,7,7,6,0,MLO,331.5
1973,7,14,5,0,MLO,331.0
1973,7,21,5,0,MLO,330.0
1973,7,28,3,0,MLO,330.1
1973,8,4,4,0,MLO,330.0
1973,8,11,5,0,MLO,329.5
1973,8,18,4,0,MLO,329.3
1973,8,25,6,0,MLO,328.5
1973,9,1,5,0,MLO,328.4
1973,9,8,5,0,MLO,327.6
1973,9,15,5,0,MLO,327.8
1973,9,22,5,0,MLO,327.1
1973,9,29,2,0,MLO,326.6
1973,10,6,7,0,MLO,327.0
1973,10,13,4,0,MLO,327.4
1973,10,20,7,0,MLO,327.4
1973,10,27,6,0,MLO,327.1
1973,11,3,4,0,MLO,327.5
1973,11,10,5,0,MLO,328.0
1973,11,17,6,0,MLO,328.2
1973,11,24,5,0,MLO,328.5
1973,12,1,6,0,MLO,329.0
1973,12,8,2,0,MLO,328.7
1973,12,15,7,0,MLO,328.6
1973,12,22,7,0,MLO,328.2
1973,12,29,5,0,MLO,328.7
1974,1,5,7,0,MLO,328.9
1974,1,12,7,0,MLO,329.2
1974,1,19,6,0,MLO,329.4
1974,1,26,6,0,MLO,329.8
1974,2,2,7,0,MLO,330.5
1974,2,9,7,0,MLO,330.8
1974,2,16,7,0,MLO,330.6
1974,2,23,7,0,MLO,330.6
1974,3,2,7,0,MLO,330.7
1974,3,9,6,0,MLO,331.2
1974,3,16,7,0,MLO,332.1
1974,3,23,7,0,MLO,332.0
1974,3,30,7,0,MLO,331.5
1974,4,6,7,0,MLO,332.4
1974,4,13,7,0,MLO,332.1
1974,4,20,7,0,MLO,332.9
1974,4,27,7,0,MLO,333.1
1974,5,4,7,0,MLO,332.9
1974,5,11,7,0,MLO,333.0
1974,5,18,7,0,MLO,333.2
1974,5,25,7,0,MLO,332.8
1974,6,1,7,0,MLO,332.9
1974,6,8,6,0,MLO,332.0
1974,6,15,5,0,MLO,332.0
1974,6,22,6,0,MLO,332.2
1974,6,29,5,0,MLO,331.7
1974,7,6,6,0,MLO,331.7
1974,7,13,7,0,MLO,331.2
1974,7,20,5,0,MLO,330.4
1974,7,27,3,0,MLO,331.0
1974,8,3,6,0,MLO,330.0
1974,8,10,5,0,MLO,329.9
1974,8,17,6,0,MLO,329.2
1974,8,24,6,0,MLO,328.9
1974,8,31,7,0,MLO,328.1
1974,9,7,7,0,MLO,328.0
1974,9,14,7,0,MLO,327.3
1974,9,21,7,0,MLO,326.9
1974,9,28,7,0,MLO,327.3
1974,10,5,6,0,MLO,327.3
1974,10,12,6,0,MLO,327.0
1974,10,19,7,0,MLO,327.5
1974,10,26,7,0,MLO,327.7
1974,11,2,7,0,MLO,327.9
1974,11,9,7,0,MLO,328.0
1974,11,16,6,0,MLO,328.8
1974,11,23,6,0,MLO,328.6
1974,11,30,3,0,MLO,328.7
1974,12,7,2,0,MLO,329.5
1974,12,14,4,0,MLO,329.7
1974,12,21,7,0,MLO,329.8
1974,12,28,7,0,MLO,329.7
1975,1,4,4,0,MLO,329.9
1975,1,11,4,0,MLO,329.8
1975,1,18,4,0,MLO,330.2
1975,1,25,7,0,MLO,331.1
1975,2,1,6,0,MLO,331.1
1975,2,8,7,0,MLO,331.4
1975,2,15,7,0,MLO,331.0
1975,2,22,5,0,MLO,331.7
1975,3,1,7,0,MLO,331.8
1975,3,8,7,0,MLO,331.6
1975,3,15,7,0,MLO,331.9
1975,3,22,7,0,MLO,332.2
1975,3,29,6,0,MLO,332.5
1975,4,5,7,0,MLO,333.0
1975,4,12,6,0,MLO,333.5
1975,4,19,7,0,MLO,333.5
1975,4,26,7,0,MLO,333.1
1975,5,3,7,0,MLO,333.9
1975,5,10,7,0,MLO,333.9
1975,5,17,7,0,MLO,333.7
1975,5,24,7,0,MLO,333.7
1975,5,31,7,0,MLO,334.1
1975,6,7,7,0,MLO,333.8
1975,6,14,6,0,MLO,333.3
1975,6,21,7,0,MLO,333.4
1975,6,28,7,0,MLO,333.1
1975,7,5,5,0,MLO,332.7
1975,7,12,7,0,MLO,332.0
1975,7,19,5,0,MLO,331.0
1975,7,26,6,0,MLO,331.5
1975,8,2,7,0,MLO,330.8
1975,8,9,7,0,MLO,330.7
1975,8,16,5,0,MLO,330.3
1975,8,23,6,0,MLO,329.3
1975,8,30,6,0,MLO,328.8
1975,9,6,6,0,MLO,329.4
1975,9,13,6,0,MLO,328.5
1975,9,20,7,0,MLO,328.0
1975,9,27,6,0,MLO,328.2
1975,10,4,6,0,MLO,328.0
1975,10,11,5,0,MLO,328.0
1975,10,18,6,0,MLO,328.5
1975,10,25,6,0,MLO,328.8
1975,11,1,4,0,MLO,329.3
1975,11,8,6,0,MLO,329.2
1975,11,15,5,0,MLO,329.1
1975,11,22,3,0,MLO,329.5
1975,11,29,5,0,MLO,330.1
1975,12,6,7,0,MLO,330.3
1975,12,13,7,0,MLO,330.5
1975,12,20,5,0,MLO,331.1
1975,12,27,5,0,MLO,331.2
1976,1,3,7,0,MLO,331.5
1976,1,10,7,0,MLO,331.5
1976,1,17,7,0,MLO,331.7
1976,1,24,7,0,MLO,331.8
1976,1,31,5,0,MLO,332.2
1976,2,7,6,0,MLO,332.1
1976,2,14,7,0,MLO,332.5
1976,2,21,6,0,MLO,333.2
1976,2,28,5,0,MLO,332.4
1976,3,6,7,0,MLO,332.8
1976,3,13,7,0,MLO,333.6
1976,3,20,3,0,MLO,333.1
1976,3,27,7,0,MLO,334.3
1976,4,3,7,0,MLO,334.7
1976,4,10,6,0,MLO,334.2
1976,4,17,6,0,MLO,334.4
1976,4,24,6,0,MLO,334.5
1976,5,1,6,0,MLO,334.7
1976,5,8,5,0,MLO,334.3
1976,5,15,7,0,MLO,334.6
1976,5,22,6,0,MLO,335.4
1976,5,29,7,0,MLO,334.8
1976,6,5,7,0,MLO,334.3
1976,6,12,7,0,MLO,334.6
1976,6,19,6,0,MLO,334.3
1976,7,3,6,0,MLO,333.6
1976,7,10,6,0,MLO,333.4
1976,7,17,4,0,MLO,332.8
1976,7,24,7,0,MLO,332.4
1976,7,31,6,0,MLO,332.1
1976,8,7,6,0,MLO,331.7
1976,8,14,6,0,MLO,330.6
1976,8,21,5,0,MLO,330.6
1976,8,28,1,0,MLO,330.0
1976,9,4,5,0,MLO,329.7
1976,9,11,4,0,MLO,330.0
1976,9,18,7,0,MLO,329.3
1976,9,25,5,0,MLO,328.4
1976,10,2,4,0,MLO,328.8
1976,10,9,4,0,MLO,329.0
1976,10,16,3,0,MLO,329.6
1976,10,23,6,0,MLO,329.1
1976,10,30,7,0,MLO,329.0
1976,11,6,5,0,MLO,329.8
1976,11,13,5,0,MLO,330.4
1976,11,20,7,0,MLO,330.5
1976,11,27,7,0,MLO,330.7
1976,12,4,7,0,MLO,331.1
1976,12,11,6,0,MLO,331.3
1976,12,18,6,0,MLO,331.9
1976,12,25,7,0,MLO,332.2
1977,1,1,7,0,MLO,332.5
1977,1,8,7,0,MLO,332.4
1977,1,15,5,0,MLO,333.1
1977,1,22,7,0,MLO,333.2
1977,1,29,5,0,MLO,333.2
1977,2,5,5,0,MLO,333.4
1977,2,12,6,0,MLO,333.3
1977,2,19,7,0,MLO,333.4
1977,2,26,7,0,MLO,333.6
1977,3,5,6,0,MLO,334.1
1977,3,12,7,0,MLO,334.6
1977,3,19,7,0,MLO,335.1
1977,3,26,7,0,MLO,335.0
1977,4,2,7,0,MLO,335.5
1977,4,9,7,0,MLO,335.9
1977,4,16,7,0,MLO,336.0
1977,4,23,7,0,MLO,336.1
1977,4,30,7,0,MLO,336.7
1977,5,7,7,0,MLO,336.8
1977,5,14,7,0,MLO,336.4
1977,5,21,7,0,MLO,336.8
1977,5,28,7,0,MLO,336.7
1977,6,4,7,0,MLO,336.4
1977,6,11,6,0,MLO,336.3
1977,6,18,7,0,MLO,336.1
1977,6,25,7,0,MLO,336.0
1977,7,2,6,0,MLO,335.5
1977,7,9,6,0,MLO,335.1
1977,7,16,4,0,MLO,335.1
1977,7,23,5,0,MLO,334.6
1977,7,30,3,0,MLO,333.7
1977,8,6,7,0,MLO,333.0
1977,8,13,2,0,MLO,332.9
1977,8,20,1,0,MLO,332.8
1977,8,27,2,0,MLO,332.8
1977,9,3,3,0,MLO,332.1
1977,9,10,1,0,MLO,331.2
1977,9,17,2,0,MLO,332.1
1977,9,24,2,0,MLO,330.9
1977,10,1,3,0,MLO,330.4
1977,10,8,5,0,MLO,330.9
1977,10,15,4,0,MLO,331.5
1977,10,22,1,0,MLO,331.5
1977,10,29,2,0,MLO,331.7
1977,11,5,4,0,MLO,332.1
1977,11,12,2,0,MLO,332.0
1977,11,19,2,0,MLO,332.5
1977,11,26,5,0,MLO,332.8
1977,12,3,6,0,MLO,333.2
1977,12,10,6,0,MLO,333.5
1977,12,17,7,0,MLO,333.8
1977,12,24,6,0,MLO,334.2
1977,12,31,7,0,MLO,334.6
1978,1,7,7,0,MLO,334.2
1978,1,14,7,0,MLO,334.6
1978,1,21,7,0,MLO,335.4
1978,1,28,5,0,MLO,335.9
1978,2,4,7,0,MLO,335.0
1978,2,11,6,0,MLO,335.1
1978,2,18,7,0,MLO,335.6
1978,2,25,7,0,MLO,335.7
1978,3,4,7,0,MLO,336.2
1978,3,11,7,0,MLO,336.1
1978,3,18,5,0,MLO,336.8
1978,3,25,7,0,MLO,337.3
1978,4,1,4,0,MLO,337.0
1978,4,8,6,0,MLO,337.9
1978,4,15,6,0,MLO,337.9
1978,4,22,5,0,MLO,337.4
1978,4,29,7,0,MLO,338.0
1978,5,6,6,0,MLO,338.0
1978,5,13,7,0,MLO,338.1
1978,5,20,7,0,MLO,337.8
1978,5,27,7,0,MLO,337.9
1978,6,3,1,0,MLO,338.4
1978,6,10,2,0,MLO,338.2
1978,6,17,4,0,MLO,337.8
1978,6,24,5,0,MLO,337.3
1978,7,1,2,0,MLO,337.6
1978,7,8,6,0,MLO,336.7
1978,7,15,7,0,MLO,336.7
1978,7,22,7,0,MLO,335.9
1978,7,29,6,0,MLO,335.6
1978,8,5,7,0,MLO,335.1
1978,8,12,7,0,MLO,334.8
1978,8,19,2,0,MLO,334.4
1978,8,26,4,0,MLO,334.3
1978,9,2,4,0,MLO,333.8
1978,9,9,4,0,MLO,332.8
1978,9,16,5,0,MLO,332.1
1978,9,23,3,0,MLO,332.3
1978,9,30,6,0,MLO,332.7
1978,10,7,5,0,MLO,332.1
1978,10,14,4,0,MLO,332.4
1978,10,21,4,0,MLO,333.0
1978,10,28,3,0,MLO,333.1
1978,11,4,6,0,MLO,333.5
1978,11,11,5,0,MLO,333.8
1978,11,18,4,0,MLO,333.8
1978,11,25,5,0,MLO,334.2
1978,12,2,2,0,MLO,334.5
1978,12,9,6,0,MLO,334.8
1978,12,16,6,0,MLO,335.1
1978,12,23,6,0,MLO,335.1
1978,12,30,7,0,MLO,335.3
1979,1,6,7,0,MLO,335.3
1979,1,13,6,0,MLO,335.9
1979,1,20,7,0,MLO,336.8
1979,1,27,5,0,MLO,336.9
1979,2,3,6,0,MLO,336.9
1979,2,10,5,0,MLO,336.5
1979,2,17,7,0,MLO,336.7
1979,2,24,7,0,MLO,336.7
1979,3,3,6,0,MLO,337.1
1979,3,10,5,0,MLO,337.7
1979,3,17,4,0,MLO,337.4
1979,3,24,5,0,MLO,339.0
1979,3,31,7,0,MLO,338.8
1979,4,7,4,0,MLO,338.1
1979,4,14,7,0,MLO,338.6
1979,4,21,7,0,MLO,339.2
1979,4,28,6,0,MLO,339.6
1979,5,5,7,0,MLO,339.3
1979,5,12,5,0,MLO,338.8
1979,5,19,5,0,MLO,339.8
1979,5,26,7,0,MLO,339.6
1979,6,2,4,0,MLO,339.9
1979,6,9,6,0,MLO,339.5
1979,6,16,5,0,MLO,338.9
1979,6,23,5,0,MLO,338.9
1979,6,30,2,0,MLO,339.0
1979,7,7,4,0,MLO,338.2
1979,7,14,6,0,MLO,337.8
1979,7,21,6,0,MLO,337.3
1979,7,28,5,0,MLO,336.8
1979,8,4,5,0,MLO,337.0
1979,8,11,7,0,MLO,336.5
1979,8,18,6,0,MLO,336.1
1979,8,25,5,0,MLO,334.5
1979,9,1,7,0,MLO,334.4
1979,9,8,3,0,MLO,334.0
1979,9,15,4,0,MLO,334.2
1979,9,22,5,0,MLO,333.2
1979,9,29,5,0,MLO,334.1
1979,10,6,4,0,MLO,334.1
1979,10,13,6,0,MLO,333.9
1979,10,20,7,0,MLO,333.7
1979,10,27,5,0,MLO,334.1
1979,11,3,6,0,MLO,334.7
1979,11,10,6,0,MLO,334.8
1979,11,17,6,0,MLO,335.5
1979,11,24,5,0,MLO,335.6
1979,12,1,6,0,MLO,335.9
1979,12,8,4,0,MLO,336.5
1979,12,15,6,0,MLO,336.7
1979,12,22,6,0,MLO,336.8
1979,12,29,7,0,MLO,337.4
1980,1,5,7,0,MLO,337.6
1980,1,12,6,0,MLO,337.4
1980,1,19,7,0,MLO,338.3
1980,1,26,7,0,MLO,338.4
1980,2,2,6,0,MLO,338.0
1980,2,9,5,0,MLO,338.1
1980,2,16,7,0,MLO,338.6
1980,2,23,6,0,MLO,338.2
1980,3,1,6,0,MLO,339.3
1980,3,8,6,0,MLO,339.5
1980,3,15,6,0,MLO,340.0
1980,3,22,6,0,MLO,340.5
1980,3,29,7,0,MLO,341.0
1980,4,5,4,0,MLO,340.4
1980,4,12,4,0,MLO,340.9
1980,4,19,6,0,MLO,340.7
1980,4,26,6,0,MLO,341.0
1980,5,3,5,0,MLO,341.5
1980,5,10,6,0,MLO,341.3
1980,5,17,5,0,MLO,341.3
1980,5,24,5,0,MLO,340.9
1980,5,31,7,0,MLO,341.7
1980,6,7,3,0,MLO,341.3
1980,6,14,7,0,MLO,341.3
1980,6,21,6,0,MLO,340.8
1980,6,28,3,0,MLO,340.4
1980,7,5,6,0,MLO,340.4
1980,7,12,5,0,MLO,339.7
1980,7,19,3,0,MLO,338.5
1980,7,26,6,0,MLO,338.9
1980,8,2,6,0,MLO,337.9
1980,8,9,5,0,MLO,337.7
1980,8,16,4,0,MLO,337.7
1980,8,23,3,0,MLO,337.7
1980,8,30,3,0,MLO,337.0
1980,9,6,4,0,MLO,336.6
1980,9,13,4,0,MLO,335.7
1980,9,20,5,0,MLO,335.2
1980,9,27,4,0,MLO,336.0
1980,10,4,4,0,MLO,335.8
1980,10,11,7,0,MLO,335.8
1980,10,18,7,0,MLO,336.1
1980,10,25,5,0,MLO,336.4
1980,11,1,7,0,MLO,336.6
1980,11,8,7,0,MLO,336.9
1980,11,15,6,0,MLO,337.1
1980,11,22,7,0,MLO,337.3
1980,11,29,7,0,MLO,337.4
1980,12,6,4,0,MLO,337.7
1980,12,13,7,0,MLO,338.1
1980,12,20,7,0,MLO,338.3
1980,12,27,7,0,MLO,338.7
1981,1,3,7,0,MLO,338.9
1981,1,10,7,0,MLO,339.1
1981,1,17,7,0,MLO,339.3
1981,1,24,7,0,MLO,339.3
1981,1,31,6,0,MLO,339.5
1981,2,7,7,0,MLO,340.5
1981,2,14,4,0,MLO,340.0
1981,2,21,5,0,MLO,340.2
1981,2,28,6,0,MLO,341.1
1981,3,7,4,0,MLO,340.7
1981,3,14,6,0,MLO,341.0
1981,3,21,5,0,MLO,341.8
1981,3,28,6,0,MLO,342.1
1981,4,4,5,0,MLO,342.4
1981,4,11,6,0,MLO,342.4
1981,4,18,7,0,MLO,342.7
1981,4,25,7,0,MLO,342.3
1981,5,2,7,0,MLO,342.9
1981,5,9,7,0,MLO,343.0
1981,5,16,7,0,MLO,342.8
1981,5,23,7,0,MLO,342.7
1981,5,30,7,0,MLO,342.7
1981,6,6,7,0,MLO,342.6
1981,6,13,7,0,MLO,342.5
1981,6,20,7,0,MLO,341.8
1981,6,27,5,0,MLO,341.6
1981,7,4,5,0,MLO,341.0
1981,7,11,7,0,MLO,340.8
1981,7,18,4,0,MLO,339.7
1981,7,25,4,0,MLO,340.2
1981,8,1,5,0,MLO,339.5
1981,8,8,5,0,MLO,338.9
1981,8,15,6,0,MLO,338.4
1981,8,22,5,0,MLO,337.5
1981,8,29,4,0,MLO,337.7
1981,9,5,7,0,MLO,337.2
1981,9,12,3,0,MLO,337.0
1981,9,19,7,0,MLO,336.7
1981,9,26,5,0,MLO,335.9
1981,10,3,6,0,MLO,336.3
1981,10,10,4,0,MLO,336.6
1981,10,17,7,0,MLO,337.1
1981,10,24,5,0,MLO,337.2
1981,10,31,6,0,MLO,337.5
1981,11,7,6,0,MLO,337.8
1981,11,14,6,0,MLO,338.1
1981,11,21,4,0,MLO,338.5
1981,11,28,6,0,MLO,339.3
1981,12,5,5,0,MLO,339.2
1981,12,12,7,0,MLO,339.4
1981,12,19,6,0,MLO,339.6
1981,12,26,4,0,MLO,340.2
1982,1,2,5,0,MLO,340.2
1982,1,9,7,0,MLO,340.3
1982,1,16,5,0,MLO,340.7
1982,1,23,6,0,MLO,341.1
1982,1,30,7,0,MLO,341.2
1982,2,6,7,0,MLO,341.9
1982,2,13,6,0,MLO,341.1
1982,2,20,4,0,MLO,341.1
1982,2,27,5,0,MLO,342.1
1982,3,6,6,0,MLO,342.6
1982,3,13,4,0,MLO,342.6
1982,3,20,1,0,MLO,342.7
1982,3,27,4,0,MLO,342.8
1982,4,3,6,0,MLO,342.9
1982,4,10,6,0,MLO,343.3
1982,4,17,6,0,MLO,343.5
1982,4,24,5,0,MLO,344.2
1982,5,1,4,0,MLO,343.8
1982,5,8,1,0,MLO,343.6
1982,5,15,3,0,MLO,344.2
1982,5,22,6,0,MLO,344.1
1982,5,29,6,0,MLO,344.1
1982,6,5,6,0,MLO,343.4
1982,6,12,7,0,MLO,343.5
1982,6,19,3,0,MLO,343.4
1982,6,26,4,0,MLO,342.9
1982,7,3,7,0,MLO,342.5
1982,7,10,6,0,MLO,342.0
1982,7,17,5,0,MLO,342.0
1982,7,24,4,0,MLO,341.8
1982,7,31,6,0,MLO,341.3
1982,8,7,6,0,MLO,340.5
1982,8,14,6,0,MLO,340.0
1982,8,21,3,0,MLO,339.7
1982,8,28,5,0,MLO,338.3
1982,9,4,5,0,MLO,338.8
1982,9,11,6,0,MLO,338.6
1982,9,18,2,0,MLO,337.8
1982,9,25,6,0,MLO,336.9
1982,10,2,4,0,MLO,337.3
1982,10,9,5,0,MLO,338.0
1982,10,16,4,0,MLO,337.6
1982,10,23,4,0,MLO,337.9
1982,10,30,5,0,MLO,338.7
1982,11,6,5,0,MLO,338.4
1982,11,13,6,0,MLO,339.2
1982,11,20,6,0,MLO,339.7
1982,11,27,4,0,MLO,339.8
1982,12,4,6,0,MLO,339.8
1982,12,11,5,0,MLO,340.4
1982,12,18,7,0,MLO,340.7
1982,12,25,5,0,MLO,340.8
1983,1,1,5,0,MLO,340.9
1983,1,8,5,0,MLO,341.4
1983,1,15,6,0,MLO,341.5
1983,1,22,7,0,MLO,341.2
1983,1,29,7,0,MLO,341.7
1983,2,5,6,0,MLO,342.0
1983,2,12,7,0,MLO,342.7
1983,2,19,6,0,MLO,342.5
1983,2,26,6,0,MLO,342.8
1983,3,5,7,0,MLO,342.3
1983,3,12,7,0,MLO,342.5
1983,3,19,5,0,MLO,344.0
1983,3,26,5,0,MLO,343.8
1983,4,2,7,0,MLO,344.0
1983,4,9,6,0,MLO,344.8
1983,4,16,7,0,MLO,345.0
1983,4,23,7,0,MLO,345.3
1983,4,30,7,0,MLO,345.4
1983,5,7,5,0,MLO,345.4
1983,5,14,6,0,MLO,345.7
1983,5,21,6,0,MLO,345.8
1983,5,28,7,0,MLO,345.7
1983,6,4,5,0,MLO,345.6
1983,6,11,5,0,MLO,345.6
1983,6,18,7,0,MLO,345.0
1983,6,25,6,0,MLO,344.9
1983,7,2,6,0,MLO,344.7
1983,7,9,4,0,MLO,344.5
1983,7,16,3,0,MLO,343.7
1983,7,23,6,0,MLO,343.6
1983,7,30,4,0,MLO,342.6
1983,8,6,5,0,MLO,343.0
1983,8,13,2,0,MLO,341.7
1983,8,20,3,0,MLO,342.1
1983,8,27,6,0,MLO,341.8
1983,9,3,3,0,MLO,339.9
1983,9,10,5,0,MLO,339.9
1983,9,17,5,0,MLO,339.8
1983,9,24,4,0,MLO,339.9
1983,10,1,6,0,MLO,339.8
1983,10,8,7,0,MLO,339.7
1983,10,15,6,0,MLO,340.1
1983,10,22,6,0,MLO,340.2
1983,10,29,7,0,MLO,340.3
1983,11,5,7,0,MLO,340.8
1983,11,12,7,0,MLO,341.0
1983,11,19,6,0,MLO,341.1
1983,11,26,7,0,MLO,341.7
1983,12,3,6,0,MLO,341.8
1983,12,10,2,0,MLO,342.8
1983,12,17,7,0,MLO,343.3
1983,12,24,7,0,MLO,343.6
1983,12,31,7,0,MLO,343.4
1984,1,7,7,0,MLO,343.7
1984,1,14,5,0,MLO,343.4
1984,1,21,5,0,MLO,343.5
1984,1,28,5,0,MLO,344.1
1984,2,4,5,0,MLO,344.3
1984,2,11,7,0,MLO,344.5
1984,2,18,5,0,MLO,344.3
1984,2,25,6,0,MLO,344.6
1984,3,3,7,0,MLO,344.8
1984,3,10,6,0,MLO,344.9
1984,3,17,6,0,MLO,345.4
1984,3,24,5,0,MLO,345.6
1984,4,28,2,0,MLO,347.4
1984,5,5,6,0,MLO,347.4
1984,5,12,3,0,MLO,347.7
1984,5,19,5,0,MLO,347.3
1984,5,26,5,0,MLO,347.0
1984,6,2,5,0,MLO,347.0
1984,6,9,6,0,MLO,347.0
1984,6,16,3,0,MLO,346.8
1984,6,23,5,0,MLO,346.3
1984,6,30,6,0,MLO,346.2
1984,7,7,4,0,MLO,345.8
1984,7,14,5,0,MLO,345.4
1984,7,21,3,0,MLO,345.2
1984,7,28,6,0,MLO,344.4
1984,8,4,2,0,MLO,344.0
1984,8,11,2,0,MLO,344.1
1984,8,18,5,0,MLO,343.1
1984,8,25,3,0,MLO,342.0
1984,9,1,3,0,MLO,341.6
1984,9,8,6,0,MLO,340.6
1984,9,15,6,0,MLO,341.3
1984,9,22,6,0,MLO,341.3
1984,9,29,3,0,MLO,340.8
1984,10,6,5,0,MLO,341.1
1984,10,13,4,0,MLO,341.3
1984,10,20,1,0,MLO,341.9
1984,10,27,5,0,MLO,341.6
1984,11,3,5,0,MLO,342.0
1984,11,10,6,0,MLO,342.6
1984,11,17,6,0,MLO,343.1
1984,11,24,6,0,MLO,343.7
1984,12,1,4,0,MLO,343.6
1984,12,8,6,0,MLO,343.9
1984,12,15,4,0,MLO,344.2
1984,12,22,5,0,MLO,344.5
1984,12,29,3,0,MLO,344.5
1985,1,5,7,0,MLO,344.7
1985,1,12,6,0,MLO,345.0
1985,1,19,7,0,MLO,345.0
1985,1,26,5,0,MLO,345.0
1985,2,2,5,0,MLO,345.9
1985,2,9,4,0,MLO,345.5
1985,2,16,5,0,MLO,345.8
1985,2,23,5,0,MLO,346.3
1985,3,2,6,0,MLO,346.7
1985,3,9,6,0,MLO,347.1
1985,3,16,7,0,MLO,347.5
1985,3,23,4,0,MLO,347.7
1985,3,30,5,0,MLO,348.2
1985,4,6,7,0,MLO,348.0
1985,4,13,4,0,MLO,348.0
1985,4,20,5,0,MLO,348.5
1985,4,27,4,0,MLO,348.8
1985,5,4,5,0,MLO,348.8
1985,5,11,5,0,MLO,349.3
1985,5,18,7,0,MLO,349.1
1985,5,25,6,0,MLO,348.1
1985,6,1,4,0,MLO,349.0
1985,6,8,7,0,MLO,348.4
1985,6,15,3,0,MLO,348.2
1985,6,22,5,0,MLO,347.9
1985,6,29,6,0,MLO,347.4
1985,7,6,6,0,MLO,346.9
1985,7,13,5,0,MLO,346.8
1985,7,20,3,0,MLO,346.4
1985,7,27,6,0,MLO,345.7
1985,8,10,6,0,MLO,344.7
1985,8,17,3,0,MLO,344.5
1985,8,24,5,0,MLO,344.3
1985,8,31,5,0,MLO,343.7
1985,9,7,5,0,MLO,344.2
1985,9,14,6,0,MLO,343.3
1985,9,21,5,0,MLO,342.4
1985,9,28,5,0,MLO,342.1
1985,10,5,4,0,MLO,342.4
1985,10,12,4,0,MLO,342.5
1985,10,19,7,0,MLO,343.1
1985,10,26,6,0,MLO,343.2
1985,11,2,5,0,MLO,343.3
1985,11,9,5,0,MLO,343.7
1985,11,16,7,0,MLO,344.2
1985,11,23,6,0,MLO,344.6
1985,11,30,6,0,MLO,345.3
1985,12,7,5,0,MLO,345.3
1985,12,14,6,0,MLO,345.6
1985,12,21,6,0,MLO,345.1
1985,12,28,7,0,MLO,346.3
1986,1,4,4,0,MLO,346.4
1986,1,11,7,0,MLO,346.0
1986,1,18,4,0,MLO,346.2
1986,1,25,7,0,MLO,346.4
1986,2,1,6,0,MLO,346.2
1986,2,8,6,0,MLO,346.8
1986,2,15,7,0,MLO,347.1
1986,2,22,7,0,MLO,347.2
1986,3,1,7,0,MLO,347.0
1986,3,8,3,0,MLO,346.6
1986,3,15,6,0,MLO,347.2
1986,3,22,6,0,MLO,349.1
1986,3,29,6,0,MLO,348.8
1986,4,5,7,0,MLO,349.2
1986,4,12,4,0,MLO,349.4
1986,4,19,6,0,MLO,349.3
1986,4,26,6,0,MLO,350.2
1986,5,3,4,0,MLO,349.9
1986,5,10,5,0,MLO,350.1
1986,5,17,5,0,MLO,350.2
1986,5,24,6,0,MLO,350.1
1986,5,31,6,0,MLO,350.1
1986,6,7,4,0,MLO,349.7
1986,6,14,6,0,MLO,349.5
1986,6,21,7,0,MLO,349.4
1986,6,28,7,0,MLO,348.9
1986,7,5,7,0,MLO,348.6
1986,7,12,5,0,MLO,347.7
1986,7,19,6,0,MLO,347.6
1986,7,26,6,0,MLO,347.4
1986,8,2,3,0,MLO,346.6
1986,8,9,5,0,MLO,346.2
1986,8,16,7,0,MLO,345.5
1986,8,23,5,0,MLO,345.6
1986,8,30,4,0,MLO,345.2
1986,9,6,4,0,MLO,345.0
1986,9,13,7,0,MLO,345.3
1986,9,20,5,0,MLO,344.4
1986,9,27,6,0,MLO,344.5
1986,10,4,7,0,MLO,343.9
1986,10,11,7,0,MLO,344.1
1986,10,18,3,0,MLO,343.9
1986,10,25,7,0,MLO,344.5
1986,11,1,6,0,MLO,345.1
1986,11,8,5,0,MLO,345.3
1986,11,15,7,0,MLO,345.6
1986,11,22,6,0,MLO,345.7
1986,11,29,7,0,MLO,346.4
1986,12,6,7,0,MLO,346.9
1986,12,13,7,0,MLO,346.7
1986,12,20,7,0,MLO,346.9
1986,12,27,6,0,MLO,347.0
1987,1,3,6,0,MLO,347.6
1987,1,10,6,0,MLO,348.3
1987,1,17,7,0,MLO,348.2
1987,1,24,5,0,MLO,347.9
1987,1,31,6,0,MLO,348.0
1987,2,7,7,0,MLO,347.9
1987,2,14,6,0,MLO,348.2
1987,2,21,7,0,MLO,348.5
1987,2,28,7,0,MLO,349.4
1987,3,7,7,0,MLO,348.8
1987,3,14,7,0,MLO,349.2
1987,3,21,7,0,MLO,349.7
1987,3,28,7,0,MLO,350.2
1987,4,4,6,0,MLO,350.8
1987,4,11,5,0,MLO,350.2
1987,4,18,7,0,MLO,351.1
1987,4,25,7,0,MLO,351.3
1987,5,2,6,0,MLO,351.4
1987,5,9,7,0,MLO,352.0
1987,5,16,7,0,MLO,351.7
1987,5,23,7,0,MLO,351.9
1987,5,30,7,0,MLO,351.7
1987,6,6,6,0,MLO,351.6
1987,6,13,7,0,MLO,351.1
1987,6,20,6,0,MLO,351.0
1987,6,27,5,0,MLO,350.9
1987,7,4,7,0,MLO,349.7
1987,7,11,7,0,MLO,349.8
1987,7,18,3,0,MLO,348.8
1987,7,25,5,0,MLO,349.5
1987,8,1,4,0,MLO,349.0
1987,8,8,2,0,MLO,348.1
1987,8,15,3,0,MLO,348.6
1987,8,22,5,0,MLO,348.0
1987,8,29,5,0,MLO,346.7
1987,9,5,4,0,MLO,347.0
1987,9,12,6,0,MLO,346.6
1987,9,19,6,0,MLO,346.2
1987,9,26,3,0,MLO,345.8
1987,10,3,4,0,MLO,345.7
1987,10,10,5,0,MLO,346.3
1987,10,17,5,0,MLO,346.5
1987,10,24,7,0,MLO,346.8
1987,10,31,6,0,MLO,346.9
1987,11,7,4,0,MLO,347.3
1987,11,14,7,0,MLO,347.6
1987,11,21,3,0,MLO,348.1
1987,11,28,3,0,MLO,348.7
1987,12,5,5,0,MLO,348.6
1987,12,12,5,0,MLO,348.8
1987,12,19,5,0,MLO,349.1
1987,12,26,5,0,MLO,349.2
1988,1,2,6,0,MLO,349.7
1988,1,9,7,0,MLO,350.2
1988,1,16,5,0,MLO,350.2
1988,1,23,5,0,MLO,350.7
1988,1,30,5,0,MLO,351.2
1988,2,6,4,0,MLO,351.8
1988,2,13,7,0,MLO,351.3
1988,2,20,6,0,MLO,351.5
1988,2,27,7,0,MLO,352.5
1988,3,5,6,0,MLO,352.8
1988,3,12,7,0,MLO,351.8
1988,3,19,4,0,MLO,351.7
1988,3,26,5,0,MLO,352.2
1988,4,2,6,0,MLO,353.1
1988,4,9,7,0,MLO,353.5
1988,4,16,7,0,MLO,353.1
1988,4,23,5,0,MLO,354.0
1988,4,30,4,0,MLO,354.2
1988,5,7,7,0,MLO,353.7
1988,5,14,5,0,MLO,354.3
1988,5,21,6,0,MLO,354.5
1988,5,28,6,0,MLO,354.2
1988,6,4,5,0,MLO,354.1
1988,6,11,6,0,MLO,354.2
1988,6,18,6,0,MLO,353.6
1988,6,25,7,0,MLO,353.1
1988,7,2,4,0,MLO,353.0
1988,7,9,4,0,MLO,352.5
1988,7,16,4,0,MLO,352.6
1988,7,23,5,0,MLO,351.9
1988,7,30,3,0,MLO,351.1
1988,8,6,5,0,MLO,350.9
1988,8,13,3,0,MLO,350.3
1988,8,20,4,0,MLO,350.4
1988,8,27,6,0,MLO,349.6
1988,9,3,5,0,MLO,349.3
1988,9,10,5,0,MLO,348.7
1988,9,17,5,0,MLO,348.9
1988,9,24,4,0,MLO,348.1
1988,10,1,4,0,MLO,348.8
1988,10,8,3,0,MLO,348.8
1988,10,15,7,0,MLO,348.6
1988,10,22,3,0,MLO,349.4
1988,10,29,5,0,MLO,349.2
1988,11,5,7,0,MLO,349.7
1988,11,12,7,0,MLO,349.8
1988,11,19,5,0,MLO,350.1
1988,11,26,7,0,MLO,350.4
1988,12,3,5,0,MLO,350.5
1988,12,10,5,0,MLO,351.0
1988,12,17,4,0,MLO,351.6
1988,12,24,6,0,MLO,351.3
1988,12,31,7,0,MLO,352.4
1989,1,7,7,0,MLO,352.7
1989,1,14,6,0,MLO,352.9
1989,1,21,7,0,MLO,352.5
1989,1,28,7,0,MLO,353.0
1989,2,4,5,0,MLO,352.8
1989,2,11,5,0,MLO,352.6
1989,2,18,6,0,MLO,353.2
1989,2,25,7,0,MLO,353.4
1989,3,4,7,0,MLO,353.1
1989,3,11,6,0,MLO,353.4
1989,3,18,6,0,MLO,353.5
1989,3,25,7,0,MLO,354.4
1989,4,1,7,0,MLO,354.5
1989,4,8,7,0,MLO,355.0
1989,4,15,4,0,MLO,355.4
1989,4,22,7,0,MLO,356.0
1989,4,29,6,0,MLO,355.9
1989,5,6,6,0,MLO,355.3
1989,5,13,5,0,MLO,355.8
1989,5,20,6,0,MLO,355.6
1989,5,27,4,0,MLO,355.7
1989,6,3,6,0,MLO,355.8
1989,6,10,6,0,MLO,355.0
1989,6,17,7,0,MLO,354.8
1989,6,24,5,0,MLO,354.9
1989,7,1,6,0,MLO,354.5
1989,7,8,4,0,MLO,354.7
1989,7,15,7,0,MLO,353.8
1989,7,22,6,0,MLO,353.1
1989,7,29,6,0,MLO,353.2
1989,8,5,6,0,MLO,352.6
1989,8,12,6,0,MLO,352.2
1989,8,19,5,0,MLO,351.1
1989,8,26,5,0,MLO,350.4
1989,9,2,7,0,MLO,350.7
1989,9,9,5,0,MLO,350.2
1989,9,16,6,0,MLO,349.4
1989,9,23,7,0,MLO,349.3
1989,9,30,1,0,MLO,349.7
1989,10,7,6,0,MLO,349.9
1989,10,14,6,0,MLO,349.7
1989,10,21,6,0,MLO,350.2
1989,10,28,7,0,MLO,350.4
1989,11,4,7,0,MLO,350.6
1989,11,11,6,0,MLO,351.2
1989,11,18,7,0,MLO,351.6
1989,11,25,5,0,MLO,351.4
1989,12,2,6,0,MLO,352.0
1989,12,9,4,0,MLO,352.1
1989,12,16,6,0,MLO,352.4
1989,12,23,5,0,MLO,352.5
1989,12,30,4,0,MLO,353.4
1990,1,6,7,0,MLO,353.4
1990,1,13,7,0,MLO,353.5
1990,1,20,7,0,MLO,353.8
1990,1,27,7,0,MLO,353.9
1990,2,3,7,0,MLO,354.1
1990,2,10,5,0,MLO,355.0
1990,2,17,7,0,MLO,354.8
1990,2,24,7,0,MLO,354.7
1990,3,3,3,0,MLO,355.7
1990,3,10,5,0,MLO,354.9
1990,3,17,7,0,MLO,355.8
1990,3,24,6,0,MLO,355.1
1990,3,31,6,0,MLO,355.9
1990,4,7,7,0,MLO,356.1
1990,4,14,7,0,MLO,355.9
1990,4,21,6,0,MLO,356.6
1990,4,28,4,0,MLO,356.1
1990,5,5,5,0,MLO,357.3
1990,5,12,5,0,MLO,357.0
1990,5,19,7,0,MLO,356.9
1990,5,26,6,0,MLO,357.1
1990,6,2,6,0,MLO,357.0
1990,6,9,7,0,MLO,356.6
1990,6,16,5,0,MLO,355.6
1990,6,23,7,0,MLO,355.5
1990,6,30,7,0,MLO,355.7
1990,7,7,7,0,MLO,355.5
1990,7,14,7,0,MLO,354.0
1990,7,21,6,0,MLO,354.5
1990,7,28,5,0,MLO,354.7
1990,8,4,5,0,MLO,353.5
1990,8,11,5,0,MLO,353.2
1990,8,18,7,0,MLO,352.9
1990,8,25,5,0,MLO,352.0
1990,9,1,4,0,MLO,350.9
1990,9,8,3,0,MLO,350.7
1990,9,15,6,0,MLO,351.3
1990,9,22,6,0,MLO,350.9
1990,9,29,3,0,MLO,350.9
1990,10,6,2,0,MLO,351.1
1990,10,13,7,0,MLO,351.0
1990,10,20,4,0,MLO,351.4
1990,10,27,3,0,MLO,351.4
1990,11,3,5,0,MLO,352.1
1990,11,10,7,0,MLO,352.6
1990,11,17,6,0,MLO,353.0
1990,11,24,5,0,MLO,353.1
1990,12,1,7,0,MLO,353.6
1990,12,8,6,0,MLO,354.0
1990,12,15,6,0,MLO,353.8
1990,12,22,7,0,MLO,354.5
1990,12,29,6,0,MLO,354.8
1991,1,5,7,0,MLO,354.2
1991,1,12,7,0,MLO,354.7
1991,1,19,6,0,MLO,354.8
1991,1,26,7,0,MLO,355.0
1991,2,2,7,0,MLO,355.2
1991,2,9,6,0,MLO,355.2
1991,2,16,7,0,MLO,356.4
1991,2,23,6,0,MLO,355.8
1991,3,2,7,0,MLO,356.4
1991,3,9,7,0,MLO,357.2
1991,3,16,6,0,MLO,357.6
1991,3,23,7,0,MLO,356.9
1991,3,30,5,0,MLO,357.9
1991,4,6,7,0,MLO,358.3
1991,4,13,7,0,MLO,357.8
1991,4,20,6,0,MLO,359.1
1991,4,27,7,0,MLO,359.2
1991,5,4,7,0,MLO,359.1
1991,5,11,7,0,MLO,358.9
1991,5,18,7,0,MLO,360.0
1991,5,25,7,0,MLO,359.0
1991,6,1,7,0,MLO,358.5
1991,6,8,6,0,MLO,358.4
1991,6,15,6,0,MLO,358.2
1991,6,22,5,0,MLO,358.1
1991,6,29,5,0,MLO,357.7
1991,7,6,6,0,MLO,357.2
1991,7,13,5,0,MLO,356.5
1991,7,20,7,0,MLO,355.2
1991,7,27,5,0,MLO,355.3
1991,8,3,4,0,MLO,354.8
1991,8,10,5,0,MLO,354.6
1991,8,17,5,0,MLO,353.7
1991,8,24,7,0,MLO,353.0
1991,8,31,6,0,MLO,353.2
1991,9,7,4,0,MLO,353.0
1991,9,14,7,0,MLO,352.1
1991,9,21,6,0,MLO,351.8
1991,9,28,5,0,MLO,351.6
1991,10,5,7,0,MLO,351.7
1991,10,12,6,0,MLO,352.1
1991,10,19,6,0,MLO,352.5
1991,10,26,7,0,MLO,352.7
1991,11,2,6,0,MLO,353.4
1991,11,9,7,0,MLO,353.7
1991,11,16,7,0,MLO,353.5
1991,11,23,7,0,MLO,353.8
1991,11,30,7,0,MLO,354.3
1991,12,7,4,0,MLO,354.5
1991,12,14,7,0,MLO,354.9
1991,12,21,6,0,MLO,355.2
1991,12,28,6,0,MLO,355.5
1992,1,4,6,0,MLO,355.6
1992,1,11,7,0,MLO,356.0
1992,1,18,4,0,MLO,356.1
1992,1,25,7,0,MLO,355.9
1992,2,1,5,0,MLO,356.0
1992,2,8,7,0,MLO,356.7
1992,2,15,6,0,MLO,357.3
1992,2,22,4,0,MLO,356.9
1992,2,29,7,0,MLO,356.5
1992,3,7,7,0,MLO,357.3
1992,3,14,5,0,MLO,357.8
1992,3,21,6,0,MLO,358.1
1992,3,28,6,0,MLO,358.4
1992,4,4,7,0,MLO,358.5
1992,4,11,5,0,MLO,358.9
1992,4,18,5,0,MLO,359.7
1992,4,25,6,0,MLO,359.2
1992,5,2,7,0,MLO,359.6
1992,5,9,7,0,MLO,359.7
1992,5,16,7,0,MLO,358.6
1992,5,23,7,0,MLO,359.6
1992,5,30,7,0,MLO,360.2
1992,6,6,7,0,MLO,360.0
1992,6,13,4,0,MLO,359.4
1992,6,20,7,0,MLO,358.7
1992,6,27,7,0,MLO,358.4
1992,7,4,5,0,MLO,358.4
1992,7,11,5,0,MLO,357.2
1992,7,18,5,0,MLO,356.3
1992,7,25,5,0,MLO,356.1
1992,8,1,2,0,MLO,354.9
1992,8,8,6,0,MLO,355.3
1992,8,15,6,0,MLO,355.3
1992,8,22,4,0,MLO,354.5
1992,8,29,3,0,MLO,354.3
1992,9,5,5,0,MLO,353.5
1992,9,12,6,0,MLO,353.6
1992,9,19,7,0,MLO,352.3
1992,9,26,7,0,MLO,352.7
1992,10,3,6,0,MLO,353.6
1992,10,10,5,0,MLO,353.3
1992,10,17,7,0,MLO,353.2
1992,10,24,7,0,MLO,353.5
1992,10,31,7,0,MLO,353.5
1992,11,7,7,0,MLO,353.9
1992,11,14,6,0,MLO,353.8
1992,11,21,7,0,MLO,354.5
1992,11,28,7,0,MLO,354.6
1992,12,5,7,0,MLO,354.8
1992,12,12,7,0,MLO,355.3
1992,12,19,7,0,MLO,355.4
1992,12,26,6,0,MLO,355.9
1993,1,2,6,0,MLO,356.2
1993,1,9,5,0,MLO,356.9
1993,1,16,6,0,MLO,356.7
1993,1,23,6,0,MLO,356.6
1993,1,30,7,0,MLO,357.0
1993,2,6,7,0,MLO,356.6
1993,2,13,7,0,MLO,357.2
1993,2,20,7,0,MLO,357.3
1993,2,27,5,0,MLO,357.6
1993,3,6,6,0,MLO,358.3
1993,3,13,5,0,MLO,358.5
1993,3,20,7,0,MLO,358.1
1993,3,27,4,0,MLO,358.8
1993,4,3,7,0,MLO,359.1
1993,4,10,6,0,MLO,358.8
1993,4,17,7,0,MLO,359.4
1993,4,24,7,0,MLO,360.0
1993,5,1,6,0,MLO,359.6
1993,5,8,7,0,MLO,359.7
1993,5,15,6,0,MLO,360.7
1993,5,22,6,0,MLO,360.6
1993,5,29,7,0,MLO,360.3
1993,6,5,7,0,MLO,359.7
1993,6,12,7,0,MLO,359.9
1993,6,19,7,0,MLO,359.3
1993,6,26,6,0,MLO,359.1
1993,7,3,6,0,MLO,357.9
1993,7,10,7,0,MLO,358.0
1993,7,17,4,0,MLO,358.1
1993,7,24,5,0,MLO,356.6
1993,7,31,5,0,MLO,356.5
1993,8,7,6,0,MLO,355.8
1993,8,14,5,0,MLO,355.9
1993,8,21,4,0,MLO,354.9
1993,8,28,4,0,MLO,354.7
1993,9,4,1,0,MLO,354.3
1993,9,11,6,0,MLO,353.2
1993,9,18,6,0,MLO,353.8
1993,9,25,6,0,MLO,353.8
1993,10,2,5,0,MLO,353.8
1993,10,9,6,0,MLO,353.8
1993,10,16,6,0,MLO,354.0
1993,10,23,6,0,MLO,354.4
1993,10,30,7,0,MLO,354.3
1993,11,6,6,0,MLO,354.7
1993,11,13,7,0,MLO,355.1
1993,11,20,7,0,MLO,355.6
1993,11,27,7,0,MLO,356.0
1993,12,4,6,0,MLO,356.2
1993,12,11,7,0,MLO,356.5
1993,12,18,7,0,MLO,356.9
1993,12,25,2,0,MLO,357.5
1994,1,1,6,0,MLO,358.1
1994,1,8,6,0,MLO,358.1
1994,1,15,7,0,MLO,358.4
1994,1,22,7,0,MLO,358.3
1994,1,29,7,0,MLO,358.7
1994,2,5,5,0,MLO,358.4
1994,2,12,6,0,MLO,358.6
1994,2,19,7,0,MLO,359.0
1994,2,26,5,0,MLO,359.6
1994,3,5,6,0,MLO,358.7
1994,3,12,7,0,MLO,359.8
1994,3,19,7,0,MLO,360.4
1994,3,26,6,0,MLO,360.8
1994,4,2,7,0,MLO,360.6
1994,4,9,7,0,MLO,361.0
1994,4,16,7,0,MLO,361.0
1994,4,23,5,0,MLO,361.3
1994,4,30,6,0,MLO,362.2
1994,5,7,5,0,MLO,361.6
1994,5,14,6,0,MLO,361.4
1994,5,21,2,0,MLO,361.7
1994,5,28,4,0,MLO,361.9
1994,6,4,6,0,MLO,361.0
1994,6,11,6,0,MLO,361.0
1994,6,18,6,0,MLO,360.9
1994,6,25,6,0,MLO,360.7
1994,7,2,6,0,MLO,360.2
1994,7,9,7,0,MLO,359.9
1994,7,16,7,0,MLO,359.4
1994,7,23,7,0,MLO,359.0
1994,7,30,5,0,MLO,358.8
1994,8,6,6,0,MLO,358.1
1994,8,13,1,0,MLO,357.5
1994,8,20,4,0,MLO,357.6
1994,8,27,6,0,MLO,356.3
1994,9,3,7,0,MLO,356.4
1994,9,10,6,0,MLO,356.4
1994,9,17,7,0,MLO,355.4
1994,9,24,7,0,MLO,355.5
1994,10,1,7,0,MLO,355.4
1994,10,8,7,0,MLO,355.8
1994,10,15,7,0,MLO,356.0
1994,10,22,7,0,MLO,356.3
1994,10,29,7,0,MLO,356.6
1994,11,5,7,0,MLO,356.9
1994,11,12,5,0,MLO,357.4
1994,11,19,7,0,MLO,357.9
1994,11,26,7,0,MLO,358.1
1994,12,3,7,0,MLO,358.4
1994,12,10,7,0,MLO,359.1
1994,12,17,7,0,MLO,359.2
1994,12,24,7,0,MLO,359.1
1994,12,31,7,0,MLO,359.5
1995,1,7,4,0,MLO,359.6
1995,1,14,7,0,MLO,360.2
1995,1,21,6,0,MLO,360.1
1995,1,28,7,0,MLO,360.0
1995,2,4,6,0,MLO,360.6
1995,2,11,6,0,MLO,361.0
1995,2,18,7,0,MLO,360.8
1995,2,25,7,0,MLO,361.3
1995,3,4,6,0,MLO,362.2
1995,3,11,7,0,MLO,361.2
1995,3,18,5,0,MLO,360.9
1995,3,25,5,0,MLO,362.0
1995,4,1,7,0,MLO,363.8
1995,4,8,7,0,MLO,363.4
1995,4,15,7,0,MLO,363.3
1995,4,22,7,0,MLO,362.8
1995,4,29,6,0,MLO,363.5
1995,5,6,7,0,MLO,363.2
1995,5,13,7,0,MLO,364.1
1995,5,20,7,0,MLO,364.1
1995,5,27,7,0,MLO,363.4
1995,6,3,6,0,MLO,363.9
1995,6,10,7,0,MLO,363.4
1995,6,17,6,0,MLO,362.9
1995,6,24,7,0,MLO,362.8
1995,7,1,6,0,MLO,362.5
1995,7,8,5,0,MLO,362.2
1995,7,15,6,0,MLO,361.9
1995,7,22,6,0,MLO,361.5
1995,7,29,7,0,MLO,360.9
1995,8,5,7,0,MLO,360.4
1995,8,12,5,0,MLO,359.2
1995,8,19,7,0,MLO,358.7
1995,8,26,6,0,MLO,359.2
1995,9,2,4,0,MLO,357.3
1995,9,9,7,0,MLO,358.5
1995,9,16,6,0,MLO,358.5
1995,9,23,6,0,MLO,358.2
1995,9,30,7,0,MLO,357.5
1995,10,7,7,0,MLO,357.6
1995,10,14,7,0,MLO,357.6
1995,10,21,7,0,MLO,358.0
1995,10,28,6,0,MLO,358.2
1995,11,4,6,0,MLO,359.1
1995,11,11,6,0,MLO,359.4
1995,11,18,7,0,MLO,359.6
1995,11,25,7,0,MLO,359.8
1995,12,2,7,0,MLO,360.1
1995,12,9,7,0,MLO,360.4
1995,12,16,7,0,MLO,360.5
1995,12,23,6,0,MLO,360.8
1995,12,30,5,0,MLO,361.7
1996,1,6,7,0,MLO,361.8
1996,1,13,7,0,MLO,362.0
1996,1,20,7,0,MLO,362.1
1996,1,27,4,0,MLO,362.2
1996,2,3,7,0,MLO,362.6
1996,2,10,7,0,MLO,363.1
1996,2,17,7,0,MLO,363.0
1996,2,24,7,0,MLO,364.0
1996,3,2,6,0,MLO,363.8
1996,3,9,7,0,MLO,363.6
1996,3,16,7,0,MLO,364.1
1996,3,23,6,0,MLO,364.5
1996,3,30,7,0,MLO,364.3
1996,4,6,7,0,MLO,364.5
1996,4,13,7,0,MLO,364.8
1996,4,20,7,0,MLO,364.4
1996,4,27,7,0,MLO,365.1
1996,5,4,7,0,MLO,364.9
1996,5,11,6,0,MLO,365.3
1996,5,18,7,0,MLO,365.7
1996,5,25,7,0,MLO,365.4
1996,6,1,7,0,MLO,364.8
1996,6,8,5,0,MLO,365.1
1996,6,15,7,0,MLO,365.2
1996,6,22,7,0,MLO,365.0
1996,6,29,7,0,MLO,364.3
1996,7,6,7,0,MLO,364.1
1996,7,13,7,0,MLO,363.7
1996,7,20,7,0,MLO,363.3
1996,7,27,7,0,MLO,362.8
1996,8,3,7,0,MLO,361.7
1996,8,10,6,0,MLO,362.1
1996,8,17,7,0,MLO,361.2
1996,8,24,7,0,MLO,360.8
1996,8,31,7,0,MLO,360.8
1996,9,7,4,0,MLO,359.8
1996,9,14,6,0,MLO,359.8
1996,9,21,7,0,MLO,359.0
1996,9,28,6,0,MLO,359.0
1996,10,5,7,0,MLO,359.4
1996,10,12,5,0,MLO,359.5
1996,10,19,4,0,MLO,359.8
1996,10,26,6,0,MLO,359.8
1996,11,2,4,0,MLO,359.9
1996,11,9,7,0,MLO,360.5
1996,11,16,5,0,MLO,360.7
1996,11,23,7,0,MLO,361.2
1996,11,30,4,0,MLO,361.4
1996,12,7,6,0,MLO,361.9
1996,12,14,5,0,MLO,362.6
1996,12,21,7,0,MLO,362.4
1996,12,28,7,0,MLO,362.6
1997,1,4,7,0,MLO,362.9
1997,1,11,7,0,MLO,363.0
1997,1,18,5,0,MLO,363.1
1997,1,25,7,0,MLO,363.5
1997,2,1,7,0,MLO,363.2
1997,2,8,6,0,MLO,364.1
1997,2,15,6,0,MLO,364.0
1997,2,22,5,0,MLO,364.2
1997,3,1,4,0,MLO,364.5
1997,3,8,4,0,MLO,364.1
1997,3,15,7,0,MLO,364.1
1997,3,22,6,0,MLO,364.7
1997,3,29,7,0,MLO,365.4
1997,4,5,7,0,MLO,365.8
1997,4,12,6,0,MLO,366.2
1997,4,19,3,0,MLO,366.6
1997,4,26,6,0,MLO,366.7
1997,5,3,7,0,MLO,366.7
1997,5,10,7,0,MLO,366.8
1997,5,17,7,0,MLO,367.0
1997,5,24,6,0,MLO,366.6
1997,5,31,6,0,MLO,366.3
1997,6,7,7,0,MLO,365.7
1997,6,14,5,0,MLO,365.6
1997,6,21,7,0,MLO,365.5
1997,6,28,6,0,MLO,365.1
1997,7,5,7,0,MLO,365.0
1997,7,12,7,0,MLO,364.6
1997,7,19,6,0,MLO,364.1
1997,7,26,7,0,MLO,363.8
1997,8,2,5,0,MLO,363.3
1997,8,9,4,0,MLO,363.3
1997,8,16,4,0,MLO,362.6
1997,8,23,7,0,MLO,361.5
1997,8,30,6,0,MLO,361.6
1997,9,6,7,0,MLO,360.6
1997,9,13,7,0,MLO,360.2
1997,9,20,7,0,MLO,360.0
1997,9,27,7,0,MLO,359.8
1997,10,4,7,0,MLO,360.5
1997,10,11,7,0,MLO,360.4
1997,10,18,7,0,MLO,361.0
1997,10,25,6,0,MLO,361.1
1997,11,1,7,0,MLO,361.7
1997,11,8,7,0,MLO,362.1
1997,11,15,7,0,MLO,362.0
1997,11,22,6,0,MLO,362.6
1997,11,29,7,0,MLO,363.5
1997,12,6,7,0,MLO,363.9
1997,12,13,6,0,MLO,363.9
1997,12,20,7,0,MLO,364.2
1997,12,27,7,0,MLO,365.0
1998,1,3,6,0,MLO,365.2
1998,1,10,7,0,MLO,365.3
1998,1,17,7,0,MLO,365.3
1998,1,24,7,0,MLO,365.3
1998,1,31,7,0,MLO,365.6
1998,2,7,7,0,MLO,366.0
1998,2,14,7,0,MLO,365.5
1998,2,21,3,0,MLO,366.0
1998,2,28,5,0,MLO,367.3
1998,3,7,7,0,MLO,367.0
1998,3,14,7,0,MLO,366.6
1998,3,21,7,0,MLO,367.4
1998,3,28,7,0,MLO,368.5
1998,4,4,7,0,MLO,368.6
1998,4,11,6,0,MLO,368.6
1998,4,18,7,0,MLO,368.0
1998,4,25,7,0,MLO,368.9
1998,5,2,6,0,MLO,369.1
1998,5,9,4,0,MLO,368.8
1998,5,16,6,0,MLO,368.5
1998,5,23,7,0,MLO,369.6
1998,5,30,7,0,MLO,369.7
1998,6,6,6,0,MLO,369.4
1998,6,13,7,0,MLO,368.8
1998,6,20,6,0,MLO,368.5
1998,6,27,6,0,MLO,368.3
1998,7,4,6,0,MLO,368.0
1998,7,11,7,0,MLO,367.5
1998,7,18,5,0,MLO,367.6
1998,7,25,7,0,MLO,367.3
1998,8,1,7,0,MLO,366.8
1998,8,8,6,0,MLO,366.4
1998,8,15,6,0,MLO,365.6
1998,8,22,3,0,MLO,365.6
1998,8,29,4,0,MLO,364.2
1998,9,5,7,0,MLO,364.7
1998,9,12,7,0,MLO,363.9
1998,9,19,7,0,MLO,363.5
1998,9,26,7,0,MLO,363.6
1998,10,3,7,0,MLO,364.0
1998,10,10,7,0,MLO,364.1
1998,10,17,7,0,MLO,364.4
1998,10,24,7,0,MLO,364.4
1998,10,31,6,0,MLO,364.7
1998,11,7,7,0,MLO,365.0
1998,11,14,7,0,MLO,365.4
1998,11,21,7,0,MLO,365.8
1998,11,28,7,0,MLO,366.0
1998,12,5,7,0,MLO,366.4
1998,12,12,6,0,MLO,366.7
1998,12,19,7,0,MLO,367.3
1998,12,26,7,0,MLO,367.3
1999,1,2,7,0,MLO,367.5
1999,1,9,7,0,MLO,367.8
1999,1,16,7,0,MLO,367.8
1999,1,23,7,0,MLO,368.3
1999,1,30,7,0,MLO,369.2
1999,2,6,7,0,MLO,369.1
1999,2,13,7,0,MLO,368.8
1999,2,20,7,0,MLO,369.0
1999,2,27,7,0,MLO,368.5
1999,3,6,7,0,MLO,368.1
1999,3,13,7,0,MLO,369.5
1999,3,20,7,0,MLO,370.2
1999,3,27,7,0,MLO,370.6
1999,4,3,7,0,MLO,371.1
1999,4,10,7,0,MLO,371.5
1999,4,17,7,0,MLO,371.0
1999,4,24,6,0,MLO,370.3
1999,5,1,6,0,MLO,370.8
1999,5,8,7,0,MLO,371.3
1999,5,15,6,0,MLO,371.0
1999,5,22,4,0,MLO,370.8
1999,5,29,6,0,MLO,370.3
1999,6,5,6,0,MLO,370.9
1999,6,12,7,0,MLO,370.3
1999,6,19,7,0,MLO,369.9
1999,6,26,7,0,MLO,369.9
1999,7,3,5,0,MLO,369.4
1999,7,10,7,0,MLO,370.1
1999,7,17,7,0,MLO,369.5
1999,7,24,6,0,MLO,368.6
1999,7,31,6,0,MLO,367.4
1999,8,7,7,0,MLO,367.6
1999,8,14,6,0,MLO,366.7
1999,8,21,7,0,MLO,366.4
1999,8,28,7,0,MLO,366.1
1999,9,4,7,0,MLO,364.1
1999,9,11,7,0,MLO,364.7
1999,9,18,6,0,MLO,365.2
1999,9,25,7,0,MLO,364.7
1999,10,2,7,0,MLO,364.5
1999,10,9,6,0,MLO,365.0
1999,10,16,7,0,MLO,364.9
1999,10,23,7,0,MLO,365.6
1999,10,30,7,0,MLO,365.7
1999,11,6,7,0,MLO,366.2
1999,11,13,7,0,MLO,366.7
1999,11,20,5,0,MLO,366.6
1999,11,27,7,0,MLO,367.1
1999,12,4,7,0,MLO,367.4
1999,12,11,7,0,MLO,368.0
1999,12,18,7,0,MLO,368.0
1999,12,25,7,0,MLO,368.2
2000,1,1,7,0,MLO,368.6
2000,1,8,7,0,MLO,368.5
2000,1,15,6,0,MLO,369.0
2000,1,22,5,0,MLO,369.8
2000,1,29,6,0,MLO,369.2
2000,2,5,5,0,MLO,369.1
2000,2,12,7,0,MLO,369.6
2000,2,19,7,0,MLO,369.3
2000,2,26,7,0,MLO,369.5
2000,3,4,6,0,MLO,370.0
2000,3,11,7,0,MLO,370.0
2000,3,18,7,0,MLO,370.9
2000,3,25,7,0,MLO,370.7
2000,4,1,7,0,MLO,370.9
2000,4,8,6,0,MLO,371.7
2000,4,15,6,0,MLO,371.8
2000,4,22,7,0,MLO,372.0
2000,4,29,7,0,MLO,371.3
2000,5,6,7,0,MLO,371.2
2000,5,13,7,0,MLO,371.7
2000,5,20,7,0,MLO,371.9
2000,5,27,7,0,MLO,371.8
2000,6,3,6,0,MLO,371.9
2000,6,10,7,0,MLO,371.6
2000,6,17,7,0,MLO,371.7
2000,6,24,4,0,MLO,371.3
2000,7,1,7,0,MLO,370.8
2000,7,8,6,0,MLO,370.0
2000,7,15,7,0,MLO,370.2
2000,7,22,7,0,MLO,369.7
2000,7,29,6,0,MLO,369.0
2000,8,5,6,0,MLO,368.7
2000,8,12,7,0,MLO,368.3
2000,8,19,5,0,MLO,367.7
2000,8,26,6,0,MLO,367.1
2000,9,2,7,0,MLO,367.2
2000,9,9,4,0,MLO,366.7
2000,9,16,4,0,MLO,366.2
2000,9,23,7,0,MLO,366.2
2000,9,30,7,0,MLO,366.4
2000,10,7,7,0,MLO,366.3
2000,10,14,7,0,MLO,366.6
2000,10,21,7,0,MLO,366.7
2000,10,28,7,0,MLO,367.3
2000,11,4,6,0,MLO,367.6
2000,11,11,7,0,MLO,368.0
2000,11,18,7,0,MLO,368.6
2000,11,25,7,0,MLO,368.3
2000,12,2,5,0,MLO,369.0
2000,12,9,6,0,MLO,369.6
2000,12,16,6,0,MLO,369.3
2000,12,23,7,0,MLO,369.5
2000,12,30,7,0,MLO,369.8
2001,1,6,6,0,MLO,369.8
2001,1,13,4,0,MLO,370.2
2001,1,20,7,0,MLO,369.9
2001,1,27,7,0,MLO,370.8
2001,2,3,6,0,MLO,371.3
2001,2,10,7,0,MLO,371.1
2001,2,17,7,0,MLO,371.7
2001,2,24,7,0,MLO,371.2
2001,3,3,6,0,MLO,372.2
2001,3,10,7,0,MLO,372.2
2001,3,17,6,0,MLO,372.1
2001,3,24,6,0,MLO,371.8
2001,3,31,6,0,MLO,372.0
2001,4,7,7,0,MLO,372.7
2001,4,14,7,0,MLO,372.7
2001,4,21,7,0,MLO,373.0
2001,4,28,7,0,MLO,372.7
2001,5,5,5,0,MLO,373.7
2001,5,12,7,0,MLO,373.9
2001,5,19,5,0,MLO,373.7
2001,5,26,7,0,MLO,373.9
2001,6,2,6,0,MLO,373.8
2001,6,9,7,0,MLO,373.1
2001,6,16,7,0,MLO,372.8
2001,6,23,7,0,MLO,372.9
2001,6,30,6,0,MLO,372.7
2001,7,7,4,0,MLO,372.1
2001,7,14,7,0,MLO,371.3
2001,7,21,4,0,MLO,371.2
2001,7,28,6,0,MLO,370.6
2001,8,4,6,0,MLO,369.9
2001,8,11,7,0,MLO,369.5
2001,8,18,6,0,MLO,369.3
2001,8,25,7,0,MLO,369.0
2001,9,1,6,0,MLO,368.4
2001,9,8,7,0,MLO,368.2
2001,9,15,7,0,MLO,368.0
2001,9,22,7,0,MLO,367.4
2001,9,29,7,0,MLO,367.4
2001,10,6,7,0,MLO,367.8
2001,10,13,7,0,MLO,367.6
2001,10,20,7,0,MLO,368.1
2001,10,27,6,0,MLO,368.7
2001,11,3,7,0,MLO,368.7
2001,11,10,3,0,MLO,368.8
2001,11,17,7,0,MLO,369.7
2001,11,24,7,0,MLO,370.3
2001,12,1,7,0,MLO,370.3
2001,12,8,7,0,MLO,370.8
2001,12,15,7,0,MLO,371.2
2001,12,22,6,0,MLO,371.3
2001,12,29,6,0,MLO,371.5
